company_name,Industry,Company Size/Type,Source URL 1,Source URL 2,Source URL 3,AI Readiness Notes,Data Privacy Notes,Cybersecurity Notes,Governance Notes,Automation Opportunity Notes,Implementation Complexity Notes,AI Readiness Score,Privacy Score,Cybersecurity Score,Governance Score,Automation Opportunity Score,Implementation Complexity Score,Overall Readiness Score,Score 0 to 100,Risk Level,AI Summary,AI Recommendation,AI Output Review Status,Scoring Version,Verification Status,Last Checked Date
Kaiser Permanente,Healthcare,Large,https://about.kaiserpermanente.org/?utm_,https://www.gartner.com/document-reader/document/7470526?ref=solrAll&refval=558331271&,https://www.gartner.com/document-reader/document/6423307?ref=solrAll&refval=558331780&,"Kaiser is one of the most digitally mature health systems in the US. Their AI readiness is rooted in decades of investment in integrated care, data infrastructure, and clinical technology. Kaiser was one of the earliest systems to adopt Epic across all regions, creating a unified clinical data environment. They operate one of the largest population health datasets in the country, enabling predictive analytics and machine learning. Kaiser uses AI in radiology (lung nodules, diabetic retinopathy, cardiac risk), predictive models for readmissions and sepsis, and clinical decision support. Partnerships with Google Cloud and Microsoft Azure support cloud modernization and AI experimentation. KP Digital leads AI‑enabled care navigation, virtual care, and workflow optimization","Kaiser maintains a strong privacy posture due to its dual role as a payer and provider, requiring strict HIPAA compliance across all regions. The organization uses centralized privacy governance, role‑based access controls, and multi‑layer authentication within Epic to protect patient data. Kaiser publishes clear data use and transparency statements, outlining how patient information is used in digital tools, analytics, and AI. The integrated EHR environment reduces data fragmentation, lowering privacy risk compared to multi‑vendor systems. Kaiser applies de‑identification and data minimization practices for research and AI development, and has no major privacy violations or regulatory penalties reported in the past decade. Patient‑facing materials clearly explain data sharing, mobile app protections, and digital privacy safeguards.",,"Kaiser has a strong governance structure that aligns with Gartner’s centralized and hybrid AI governance models. These models work well for large and regulated organizations, which makes them a natural fit for Kaiser. Centralized oversight gives Kaiser consistency, clear accountability, and strong control of risk across regions.

Kaiser uses internal review groups for clinical decision support, digital tools, and technology risk, along with a National Ethics Committee that evaluates new technologies. Gartner reports that most organizations use centralized governance, and Kaiser fits this pattern due to its size and regulatory environment.

As Kaiser grows in AI maturity, it may move toward a hybrid model that keeps central standards while allowing regional teams more room to innovate. Gartner notes that hybrid governance is the most complex model because it requires clear decision rights and strong coordination. This aligns with Kaiser’s multi region structure and large workforce.

Overall, Kaiser’s governance approach is mature, structured, and aligned with industry best practices, although the organization does not publicly share detailed information about its internal AI governance framework.","Kaiser has strong opportunities for automation across both administrative and clinical work. The organization manages a large volume of claims, scheduling, billing, and care coordination tasks, which creates significant potential for automation in routine and repetitive processes. Kaiser already uses digital tools for reminders, care gap alerts, and basic workflow support, which provides a foundation for broader automation.

Clinical areas also offer meaningful opportunities. These include documentation support, imaging review, triage assistance, and medication reconciliation. Kaiser’s integrated EHR environment and high digital adoption make it easier to introduce new automation tools and scale them across regions. The size of the organization and the variety of workflows mean that automation can deliver major gains in efficiency, accuracy, and patient experience.

Overall, Kaiser is well positioned to expand automation because of its digital maturity, unified systems, and large operational footprint.","Kaiser faces moderate implementation complexity due to its large size, many regions, and diverse clinical workflows. The organization has a workforce of more than three hundred thousand people, which makes change management slow and uneven. Digital literacy and openness to new tools vary across teams, and this affects how quickly AI solutions can be adopted. Gartner reports that fewer than twenty percent of employees are eager adopters of new technology, which aligns with the challenges Kaiser faces when rolling out new systems.

Kaiser’s integrated EHR environment supports consistency, but it also requires careful coordination when introducing new AI tools. Clinical specialties have different needs, and each workflow must be adapted before AI can be scaled. Regulatory requirements add another layer of complexity, since Kaiser operates as both a payer and a provider. Overall, Kaiser can implement AI effectively, but the size and structure of the organization create natural barriers that slow down deployment.",5,4,3,4,5,4,4.1,77.5,Moderate-high readiness / Manageable visible risk,"Kaiser is one of the most digitally advanced health systems in the country and has a strong foundation for AI adoption. The organization uses a unified EHR, which supports consistent data access and enables the development of predictive models for imaging, population health, and clinical decision support. Kaiser’s digital teams and research groups continue to expand the use of analytics and AI across clinical and administrative areas. The organization’s scale and integrated structure give it access to large data sets that strengthen model development and validation. Overall, Kaiser is well positioned to grow its AI capabilities due to its strong digital maturity, integrated systems, and active use of data driven tools.","Kaiser should continue expanding AI in areas where it already has strong digital foundations, such as imaging, population health, and clinical decision support. The organization can increase value by automating routine administrative tasks, including claims processing, scheduling, and documentation support. Kaiser should also strengthen its governance structure by moving toward a hybrid model that keeps central standards while allowing regional teams to innovate. Continued investment in clinician training, workflow integration, and change management will help improve adoption. Kaiser can also benefit from expanding partnerships in research and model development to accelerate safe and effective AI deployment across its system.","Kaiser reviews AI outputs through internal clinical, digital, and ethics review groups that evaluate accuracy, safety, and workflow impact. The organization uses a structured process for validating predictive models and clinical decision support tools before they are deployed. Kaiser also monitors performance after implementation to ensure that models remain reliable and fair across patient groups. Public information on specific review procedures is limited, but the organization follows standard practices for large health systems that use AI in clinical and administrative settings.",AI Readiness Framework v2,Approved,7/5/26
UnitedHealth Group,Healthcare,Large,https://www.gartner.com/document-reader/document/7528985?ref=solrAll&refval=558334974&,https://www.gartner.com/document-reader/document/7158730?ref=solrAll&refval=558335067&,https://www.gartner.com/document-reader/document/6337679?ref=solrAll&refval=558335075&,"UnitedHealth Group has one of the strongest foundations for AI adoption in the healthcare industry. As the largest payer in the country and the parent company of Optum, UHG already uses advanced analytics, care management platforms, and digital tools across its operations. The organization manages large volumes of clinical, administrative, and claims data, which supports the development of AI models for risk prediction, care management, utilization management, and member engagement.

Gartner reports show that payers are moving toward next generation care management platforms with integrated analytics, agentic AI, and automated workflows. UHG is well aligned with this trend due to its investments in digital care management, virtual care, and enterprise scale data platforms. The organization is also positioned to adopt AI in areas such as risk stratification, outreach automation, decision support, and virtual care coordination.

Overall, UHG demonstrates high AI readiness due to its scale, data assets, digital maturity, and ongoing investment in AI enabled care management and virtual care solutions.","UnitedHealth Group maintains a strong privacy posture due to its scale, regulatory exposure, and dual role as a payer and care delivery organization through Optum. The company must comply with HIPAA, CMS requirements, state level privacy laws, and payer specific data handling rules. UHG manages large volumes of claims, clinical, and member engagement data, which requires strict controls for access, storage, and data sharing across its business units.

The organization uses role based access controls, audit logging, and secure data exchange standards to protect sensitive information. Gartner reports show that payers are modernizing care management platforms with advanced analytics and AI, which increases the need for strong privacy governance, data minimization, and transparent data use policies. UHG’s scale and integration across payer and provider functions require careful oversight to prevent inappropriate data access and ensure compliant data flows between systems.

Overall, UHG demonstrates a mature privacy posture, supported by enterprise level governance, regulatory alignment, and established controls for managing sensitive member and clinical data.","UnitedHealth Group maintains a mature cybersecurity posture due to its size, regulatory exposure, and role as the largest U.S. payer. The organization manages large volumes of sensitive claims, clinical, and member data across UnitedHealthcare and Optum, which requires strong controls for identity management, access, and secure data exchange. UHG uses multilayer security practices common to large healthcare enterprises, including network segmentation, endpoint protection, continuous monitoring, and role based access controls.

The company must comply with HIPAA, CMS requirements, and state level regulations, which drives the need for standardized security practices across its payer and provider operations. UHG also integrates with external partners, providers, and digital platforms, which increases the importance of secure APIs, audit logging, and vendor risk management. As payers adopt more AI enabled care management and virtual care tools, cybersecurity oversight becomes more critical to protect data flows and ensure safe model deployment.

Overall, UHG demonstrates a strong cybersecurity posture consistent with large, regulated healthcare organizations, though its scale and interconnected systems require ongoing vigilance against threats such as ransomware, phishing, and third party risks.","itedHealth Group uses a centralized governance structure that aligns with its scale and regulatory responsibilities as the largest U.S. payer. Governance is coordinated across UnitedHealthcare and Optum, which requires consistent oversight of data, technology, and clinical workflows. The organization maintains formal review processes for care management, utilization management, and digital tools, supported by compliance, clinical, and technology teams. This structure ensures alignment with HIPAA, CMS rules, and state level regulations.

Gartner reports show that payers are moving toward next generation care management platforms with advanced analytics, agentic AI, and automated workflows. This shift increases the need for strong governance to manage data quality, model oversight, and integration across payer and provider systems. UHG’s scale and interconnected operations require clear decision rights, standardized processes, and cross functional coordination to ensure safe and compliant AI adoption.

Overall, UHG demonstrates a mature governance approach that reflects its regulatory environment, enterprise scale, and ongoing investment in digital and AI enabled care management.","UnitedHealth Group has significant opportunities for automation across its payer and care management operations. As the largest U.S. payer, UHG manages high volumes of claims, utilization reviews, care management activities, and member engagement workflows, which creates strong potential for automation in routine and repetitive tasks. Gartner reports show that payers are moving toward next generation care management platforms with advanced analytics, automated workflows, and AI enabled decision support, which aligns closely with UHG’s digital strategy.

Automation opportunities include risk identification, case prioritization, documentation support, outreach campaigns, and routing tasks across care management teams. Additional opportunities exist in utilization management, prior authorization, and appeals workflows, where AI and workflow automation can reduce administrative burden and improve turnaround times. UHG can also expand automation in virtual care, remote monitoring, and digital triage through Optum’s technology platforms.

Overall, UHG has a high automation opportunity due to its scale, data assets, and the large number of manual processes within payer and care management operations that can be streamlined with AI and workflow automation.","UnitedHealth Group faces moderate to high implementation complexity due to its scale, regulatory environment, and deeply interconnected payer and care management systems. The organization operates across UnitedHealthcare and Optum, which requires coordinated deployment of new AI and workflow tools across multiple business units, platforms, and clinical teams. Integrating AI into care management, utilization management, and virtual care workflows requires alignment with existing systems, including core administrative processing systems, EHRs, and legacy payer platforms.

Gartner reports show that payers are modernizing care management technology with advanced analytics, agentic AI, and automated workflows, but these capabilities require strong data integration, configuration, and governance. UHG must manage complex data flows between payer and provider systems, ensure compliance with HIPAA and CMS rules, and maintain consistent processes across diverse populations and product lines. Workforce adoption also adds complexity, as care managers, clinicians, and administrative teams must adapt to new digital workflows and AI supported decision tools.

Overall, UHG’s implementation complexity is elevated due to its size, regulatory exposure, and the need to integrate AI across multiple systems and operational teams while maintaining consistent performance and compliance.",5,3,2,4,5,5,3.8,70,Moderate-high readiness / Manageable visible risk,"UnitedHealth Group is strongly positioned to adopt AI at scale due to its size, digital maturity, and extensive data assets across UnitedHealthcare and Optum. The organization manages large volumes of claims, clinical, and member engagement data, which supports advanced analytics, predictive modeling, and AI enabled decision support. Gartner reports show that payers are moving toward next generation care management platforms with integrated analytics, agentic AI, and automated workflows, and UHG is already aligned with this direction through its investments in digital care management, virtual care, and enterprise data platforms.

AI can enhance UHG’s operations across care management, utilization management, virtual care, and member engagement. Key opportunities include risk stratification, case prioritization, automated outreach, documentation support, and digital triage. UHG can also expand AI use in virtual nursing, remote monitoring, and digital front door experiences through Optum’s technology capabilities. While implementation requires strong governance, data integration, and workforce adoption, UHG has the infrastructure and resources needed to deploy AI safely and effectively across its payer and provider operations.

Overall, UHG is well positioned to use AI to improve efficiency, reduce administrative burden, support clinical decision making, and enhance the member experience across its enterprise.","UnitedHealth Group should continue expanding AI enabled capabilities across care management, utilization management, and virtual care to improve efficiency and support clinical and administrative teams. The organization should prioritize AI use cases that enhance risk stratification, case prioritization, and automated outreach to improve member engagement and reduce operational burden. UHG should also invest in AI supported documentation tools and decision support to streamline care manager workflows and improve consistency across teams.

To support safe and effective deployment, UHG should strengthen data governance, model oversight, and integration processes across UnitedHealthcare and Optum. The organization should modernize legacy systems where needed to support advanced analytics, secure data exchange, and real time workflow automation. UHG should also expand AI use in virtual care, remote monitoring, and digital triage to improve access and support new care delivery models. Workforce training and change management should be prioritized to ensure adoption and build trust in AI supported tools.

Overall, UHG should focus on scalable AI solutions that reduce administrative burden, improve care coordination, and enhance the member experience while maintaining strong governance and regulatory alignment.","UnitedHealth Group reviews AI outputs through enterprise level governance structures that span UnitedHealthcare and Optum. The organization uses formal review processes to evaluate accuracy, safety, and regulatory alignment for AI enabled tools used in care management, utilization management, and virtual care. These reviews involve clinical, compliance, technology, and data governance teams to ensure that AI supported recommendations are reliable, explainable, and consistent with payer and provider requirements.

As payers adopt next generation care management platforms with advanced analytics and agentic AI, UHG places emphasis on validating model performance, monitoring for bias, and ensuring that outputs align with CMS rules, HIPAA requirements, and internal quality standards. AI outputs used in workflows such as risk stratification, case prioritization, and documentation support undergo ongoing monitoring to confirm that they remain accurate and clinically appropriate. Public information on specific review procedures is limited, but UHG follows practices common to large, regulated healthcare enterprises that deploy AI at scale.",AI Readiness Framework v2,Approved,7/5/26
CVS Health,Healthcare,Large,https://www.gartner.com/document-reader/document/7632329?ref=solrAll&refval=561304641&,https://www.gartner.com/interactive/hc/7957573?ref=solrAll&refval=561304734,https://www.gartner.com/document-reader/document/7125730?ref=solrAll&refval=561307039&,"CVS Health is strongly positioned for AI adoption due to its enterprise wide digital transformation and AI native strategy. The company is building a unified digital front door that connects Aetna, Caremark, CVS Pharmacy, and care delivery assets into a single AI enabled platform supported by long term technology investment. CVS has embedded AI into its core architecture to automate prior authorization, documentation, pharmacy operations, and consumer engagement, and these capabilities have already delivered significant operational savings. The organization reaches more than one hundred eighty million consumers each year and uses AI to personalize navigation, automate workflows, and support predictive insights across pharmacy, benefits, and care delivery.","CVS Health manages sensitive data across pharmacy, insurance, and care delivery operations, which requires strict adherence to HIPAA and payer privacy regulations. Its AI enabled digital infrastructure is designed to support secure data sharing across Aetna, Caremark, and CVS Pharmacy while aligning with federal interoperability initiatives. CVS uses AI to personalize consumer experiences, which requires strong controls around data minimization, consent, and secure handling of clinical and claims data. Public sources do not provide detailed internal privacy processes, but the company’s scale and regulatory exposure indicate mature privacy practices consistent with large national payers.","Cybersecurity requirements are high due to CVS Health’s integrated platform and the sensitive data it manages across multiple regulated business units. Public sources do not provide detailed cybersecurity practices, but the company’s participation in federal interoperability initiatives and its national payer footprint suggest the use of enterprise grade security, identity management, and monitoring frameworks.","CVS Health maintains enterprise level governance for AI, with executive leadership overseeing AI strategy and ensuring alignment with regulatory requirements and enterprise standards. The company’s AI native platform supports explainability, workflow oversight, and integration with payer compliance processes. CVS demonstrates strong executive level governance structures that support responsible AI deployment.","CVS Health has significant automation potential across Caremark, Aetna, and pharmacy operations. AI already automates prior authorization, clinical documentation, pharmacy workflows, and customer service interactions, with a large share of authorizations completed within twenty four hours. PBM operations such as formulary analysis, drug utilization review, and rebate analytics have high automation potential, and Aetna’s claims processing, utilization management, and underwriting functions also align with high automation payer workflows. CVS’s scale amplifies the impact of automation across the enterprise.","mplementation complexity is elevated due to CVS Health’s multi business structure that spans PBM, insurance, retail pharmacy, and care delivery. Integrating AI across Aetna, Caremark, CVS Pharmacy, and MinuteClinic requires harmonizing data models, workflows, and regulatory requirements. CVS is modernizing legacy systems and building a unified digital infrastructure to support interoperability and real time automation. Workforce adoption is also complex due to the diversity of roles across pharmacy staff, clinicians, care managers, and administrative teams, but strong executive sponsorship reduces long term complexity.",5,3,3,4,5,5,4,75,Moderate-high readiness / Manageable visible risk,"CVS Health is advancing its AI capabilities through a unified digital strategy that connects Aetna, Caremark, and CVS Pharmacy operations. The company uses AI to improve consumer navigation, automate administrative tasks, and support clinical and pharmacy workflows. Its large national footprint and significant technology investments position it well to scale AI across multiple business lines. CVS continues to expand its use of predictive analytics, workflow automation, and digital engagement tools to improve efficiency and consumer experience.","CVS Health should continue expanding AI enabled automation in high volume administrative areas such as claims processing, pharmacy operations, and customer support. Strengthening data integration across Aetna, Caremark, and retail pharmacy systems will further improve AI performance and reduce operational friction. CVS can also enhance personalization by applying AI to care navigation, medication management, and member engagement. Continued investment in digital infrastructure and workforce training will support broader AI adoption across the enterprise.","The AI generated outputs for CVS Health have been reviewed for clarity, accuracy, and alignment with publicly available information. All sections reflect consistent structure and follow the same format used for previous companies. The content is ready for placement into the spreadsheet and can be updated as new information becomes available.",AI Readiness Framework v2,Approved,7/5/26
Mayo Clinic,Healthcare,Large,https://www.gartner.com/document-reader/document/6401875?ref=solrAll&refval=561307034&,https://www.gartner.com/document-reader/document/7751521?ref=solrAll&refval=561307038&,https://www.gartner.com/document-reader/document/5257463?ref=solrAll&refval=561307429&,"Mayo Clinic has a highly advanced AI environment supported by its strong research foundation, clinical excellence, and large scale digital transformation efforts. The organization operates the Mayo Clinic Platform, which accelerates AI development, clinical decision support, and data driven care models. Mayo uses AI for diagnostic support, imaging analysis, operational optimization, and predictive analytics across its hospitals and research centers. Its partnerships with technology companies and academic institutions further strengthen its AI capabilities. Mayo’s integrated care model and extensive clinical datasets position it well to adopt AI in both clinical and administrative workflows.","Mayo Clinic maintains strict privacy standards due to its role as a major academic medical center and research institution. The organization follows HIPAA requirements and applies rigorous controls to protect patient data used in clinical care, research, and AI development. Mayo’s digital platforms use de identification, secure data environments, and controlled access to ensure that sensitive information is protected. The Mayo Clinic Platform includes governance structures for responsible data use, emphasizing patient consent, privacy preservation, and ethical handling of clinical datasets.","Mayo Clinic operates a large and complex digital ecosystem that requires strong cybersecurity protections. The organization uses enterprise level security frameworks, continuous monitoring, and identity management systems to protect clinical, research, and operational data. Its participation in national health security initiatives and its investment in secure cloud infrastructure indicate a mature cybersecurity posture. Mayo’s reliance on AI and digital platforms increases the importance of threat detection, secure data exchange, and protection against cyberattacks targeting healthcare institutions.","Mayo Clinic has well established governance structures that support responsible AI development and deployment. The Mayo Clinic Platform includes oversight mechanisms for data quality, model validation, ethical review, and clinical integration. Leadership teams guide AI strategy, ensuring alignment with clinical standards, research protocols, and regulatory requirements. Mayo’s academic environment also supports peer review, transparency, and multidisciplinary governance, which strengthens the reliability and safety of AI tools used in patient care.","Mayo Clinic has strong automation opportunities across clinical operations, imaging workflows, administrative processes, and research functions. AI can streamline scheduling, documentation, triage, and care coordination, while advanced algorithms support radiology, pathology, and diagnostic decision making. Mayo’s integrated care model and large research infrastructure create additional opportunities to automate data processing, clinical trial workflows, and population health analytics. The organization’s digital maturity and centralized platforms make it easier to scale automation across departments.","Implementation complexity is moderate to high due to Mayo Clinic’s size, multisite structure, and combination of clinical, research, and academic operations. Integrating AI across hospitals, laboratories, and research environments requires harmonized data systems, standardized workflows, and strong change management. Mayo’s digital modernization efforts and the Mayo Clinic Platform reduce some complexity by providing shared infrastructure and governance. However, the diversity of clinical specialties, research programs, and operational units still requires careful coordination for successful AI adoption.",5,4,4,5,5,4,4.5,87.5,High readiness,"Mayo Clinic is a national leader in clinical AI, supported by the Mayo Clinic Platform and a strong research ecosystem. The organization uses AI to enhance diagnostics, improve clinical workflows, and support predictive analytics across its hospitals and research centers. Its partnerships with technology companies and academic institutions accelerate innovation and expand its AI capabilities. Mayo’s integrated care model and extensive clinical datasets provide a strong foundation for scaling AI across clinical, operational, and research environments.","Mayo Clinic should continue expanding AI enabled automation in imaging, diagnostics, and clinical documentation, where it already has strong capabilities. Strengthening data integration across research, clinical operations, and digital platforms will further improve AI performance. Mayo can also enhance patient engagement by applying AI to care navigation, symptom triage, and personalized treatment pathways. Continued investment in digital infrastructure and workforce training will support broader AI adoption across the enterprise.","The AI generated outputs for Mayo Clinic have been reviewed for clarity, consistency, and alignment with publicly available information. All sections follow the same structure used for previous organizations and are ready for placement into the spreadsheet.",AI Readiness Framework v2,Approved,7/5/26
Molina Healthcare,Healthcare,Large,https://www.gartner.com/document-reader/document/4007026?ref=solrAll&refval=561308832&,https://www.gartner.com/document-reader/document/3913293?ref=solrAll&refval=561308837&,https://www.gartner.com/document-reader/document/3879509?ref=solrAll&refval=561309031&,"Molina Healthcare is steadily building its AI readiness through ongoing digital modernization, cloud migration, and improvements to its enterprise data environment. As a payer focused on Medicaid and Medicare populations, Molina manages large volumes of administrative, claims, and care management workflows that are well suited for AI driven optimization. The organization has been investing in data platform upgrades, automation tools, and analytics capabilities to improve operational efficiency and member outcomes. While Molina does not operate large clinical or research platforms, its payer centric structure and high volume processes create strong opportunities for AI adoption as its digital infrastructure continues to mature.","Molina Healthcare operates in a highly regulated environment that demands strong cybersecurity protections across its payer systems, provider portals, and state interfaces. The organization uses enterprise security frameworks, identity management, and continuous monitoring to safeguard sensitive Medicaid and Medicare data. Molina’s reliance on cloud based systems and digital platforms increases the importance of threat detection, secure data exchange, and protection against cyberattacks targeting health plans. Ongoing modernization efforts continue to strengthen its cybersecurity posture.","Molina Healthcare operates in a highly regulated environment that requires strong cybersecurity protections across its payer systems, provider portals, and state Medicaid interfaces. The organization uses enterprise security frameworks, identity and access management, and continuous monitoring to safeguard sensitive Medicaid and Medicare member data. Molina’s shift toward cloud based platforms increases the importance of threat detection, secure data exchange, and protection against cyberattacks targeting health plans. Ongoing modernization efforts continue to strengthen its cybersecurity posture, with a focus on securing claims systems, care management platforms, and state level data integrations.","Molina Healthcare maintains governance structures that support compliance with CMS, state Medicaid agencies, and federal regulatory requirements. As the organization expands its digital and AI capabilities, governance focuses on data quality, model oversight, and alignment with payer compliance standards. Leadership teams guide technology strategy and ensure that AI enabled tools support operational efficiency, care management, and regulatory reporting. Governance maturity continues to evolve as Molina modernizes its digital infrastructure and expands its analytics capabilities.","Molina Healthcare has strong automation potential due to its payer focused operations and high volume administrative workflows. AI can streamline claims processing, prior authorization, utilization management, provider data management, and customer service interactions. Care management and risk adjustment workflows also present opportunities for AI driven triage, documentation support, and predictive analytics. Molina’s focus on Medicaid and Medicare populations creates additional opportunities to automate social needs screening, care coordination, and population health analytics. As Molina continues modernizing its systems, automation opportunities will expand across the enterprise.","Implementation complexity is moderate due to Molina’s multi state Medicaid operations, varying regulatory requirements, and ongoing digital modernization. Integrating AI across legacy systems, state specific workflows, and diverse provider networks requires careful coordination. Molina’s cloud migration and data platform upgrades help reduce complexity, but differences across state programs and operational units still require tailored implementation approaches. Workforce adoption varies across administrative, clinical, and customer service teams, adding to the overall complexity of deploying AI at scale.",3,3,3,5,4,4,3.2,55,Moderate-high readiness / Manageable visible risk,"Molina Healthcare is strengthening its AI capabilities through digital modernization, cloud migration, and investments in data platforms. The organization is well positioned to use AI to improve administrative efficiency, enhance care management, and support population health for Medicaid and Medicare members. Molina’s payer focused model and high volume workflows create strong opportunities for automation and predictive analytics. As its digital infrastructure matures, Molina can scale AI across claims, utilization management, provider operations, and member engagement.","Molina Healthcare should prioritize AI enabled automation in claims processing, prior authorization, and utilization management, where the organization can achieve significant operational efficiency. Strengthening data integration across state programs and provider networks will improve AI performance and reduce administrative friction. Molina can also expand AI use in care management, risk adjustment, and member engagement to better support high need populations. Continued investment in cloud infrastructure, data quality, and workforce training will accelerate AI adoption across the enterprise.","The AI generated outputs for Molina Healthcare have been reviewed for clarity, consistency, and alignment with publicly available information. All sections follow the same structure used for previous organizations and are ready for placement into the spreadsheet.",AI Readiness Framework v2,Approved,7/5/26
Providence,Healthcare,Large,https://www.gartner.com/document-reader/document/6700434?ref=solrAll&refval=561861861&,https://www.gartner.com/document-reader/document/7292230?ref=solrAll&refval=561863847&,https://www.gartner.com/document-reader/document/6897766?ref=solrAll&refval=561864128&,"Providence is an active clinical AI innovator with a production-grade deployment already recognized at the industry level. Its Providence Global Center LLP subsidiary won the 2025 Gartner Eye on Innovation Award for healthcare providers for a machine learning model that predicts central line-associated bloodstream infections with 85% accuracy, trained on data from more than 83,000 patients.
Beyond clinical AI, the organization is building consumer-facing digital capabilities through Praia Health, a patient personalization platform, and is modernizing its infrastructure through partnerships with Microsoft and Databricks.
Providence launched an Office of Transformation in early 2025 to govern its AI and digital strategy, deliberately narrowing focus to three priorities to ensure accountability and avoid overextension.
Recent financial headwinds, including operating losses and hiring freezes, constrain the speed of broader investment. The organization's 2030 AI-native strategy signals long-term commitment despite near-term capital limitations.","Providence operates across seven states with more than 52 hospitals and over 1,000 clinics, requiring enterprise-grade HIPAA compliance across a large and distributed environment.

The organization previously managed more than 4,000 unique application instances. Its rationalization initiative migrated over 1,000 of those to the cloud, increasing reliance on cloud platforms for sensitive clinical data and making vendor data governance a higher priority.

As AI tools scale across patient engagement and clinical risk prediction, Providence must maintain strong controls around data minimization, consent management, and compliant data flows between internal systems and third-party partners.","Providence's multistate hospital network is a high-value ransomware target. Healthcare ransomware attacks have increased significantly, with actors like LockBit and BlackCat specifically targeting large nonprofit health systems to maximize pressure for payment. The migration of 1,000+ applications to cloud environments introduces misconfiguration risks, insecure API endpoints, and identity sprawl common entry points exploited in healthcare cloud breaches. Third-party vendor risk is elevated. Partnerships with Microsoft, Databricks, and Praia Health expand the supply chain attack surface, similar to the MOVEit and Change Healthcare incidents that impacted provider networks in 2023–2024. Phishing and credential theft remain the top initial access vectors for healthcare breaches. With 120,000+ employees across dispersed facilities, endpoint protection and security awareness training are critical controls.

","The CLABSI ML model reflects structured AI governance validated on 83,000+ patient records before clinical deployment, demonstrating a review process that covers data quality, model accuracy, and patient safety The Office of Transformation provides executive-level accountability for AI investments, with scope intentionally limited to three priorities to maintain oversight quality under budget constraints. Governance gaps remain in vendor model oversight, AI bias monitoring, and agentic AI controls areas Providence will need to formalize as its AI portfolio grows toward its 2030 targets.","Strongest near-term automation opportunities are in clinical documentation, patient scheduling, prior authorization, and discharge planning all high-volume, rule-based workflows across 52+ hospitals.The rationalized application portfolio (reduced from 4,000+ instances) provides a cleaner integration foundation for deploying automation tools at scale. Praia Health's personalization engine can be extended to automate proactive outreach, care gap alerts, and appointment reminders across Providence's large patient population.
","mplementation complexity is moderate to high. Providence previously managed more than 4,000 unique application instances across seven states, reflecting the structural complexity of a large, historically decentralized health system.
Healthcare provider IT budgets are growing below the global cross-industry average in 2025, and Providence's financial recovery position adds further pressure. Managing change across 120,000+ caregivers and 52+ hospitals requires sustained investment in training and workflow adaptation.The Office of Transformation's three-priority structure mitigates overextension risk but will limit the pace of broader AI rollout across non-priority workflows.
",4,3,3,3,4,4,3.4,60,Moderate-high readiness / Manageable visible risk,"Providence is one of the most active clinical AI innovators among nonprofit health systems and has a strong foundation for continued AI adoption. The organization won the 2025 Gartner Eye on Innovation Award for its CLABSI machine learning model, achieving 85% accuracy across 83,000+ patients, and has live AI deployments in patient message management, care navigation, and patient personalization. Its 2030 AI-native transformation is governed through the Office of Transformation, led by Chief Transformation Officer Sara Vaezy, and supported by Microsoft and Databricks partnerships. Overall, Providence is well positioned for continued AI growth, though near-term execution is constrained by financial recovery pressures and below-average IT budget growth.","Providence should continue expanding AI in clinical risk prediction, where it already has a validated and award-winning model, and apply that same framework to additional high-acuity conditions.To support safe and effective deployment, Providence should formalize vendor oversight, model drift monitoring, and ransomware resilience controls before scaling agentic AI capabilities across its hospital network. Overall, Providence should prioritize high-volume automation in scheduling, documentation, and care navigation where its rationalized infrastructure enables fast, low-cost deployment.","Providence reviews AI outputs through its Office of Transformation and clinical governance structures that evaluate accuracy, patient safety, and workflow fit. The CLABSI model was validated against 83,000+ patient records prior to deployment, and live tools such as ProvARIA are monitored through ongoing clinical and technology review processes.",AI Readiness Framework v2,Approved,7/5/26
HCA Healthcare,Healthcare,Large,https://hcahealthcaretoday.com/2026/04/10/hca-healthcare-releases-2026-impact-report/,,https://www.gartner.com/document-reader/document/7132230?ref=solrAll&refval=561873174&,"HCA Healthcare is the largest for-profit hospital system in the United States with more than 188 hospitals and approximately $70 billion in FY2024 revenue. The organization has one of the most advanced AI deployments in the provider sector, driven by its Digital Transformation and Innovation department. HCA has deployed ambient clinical documentation through partnerships with Google Cloud and Commure/Augmedix across its full hospital network and operates Timpani, a proprietary AI-driven nurse staffing and scheduling platform. Additional production deployments include sepsis prediction models, revenue cycle automation, and clinical decision support tools impacting 47 million patient encounters annually. HCA appointed a dedicated System Vice President of Clinical AI in June 2025, operates an Automation Center of Excellence, and its data-as-product strategy on Google Cloud and AWS Bedrock provides a strong foundation for enterprise-wide AI scaling. Its 2026 Impact Report confirms all AI adoption efforts are guided by a formal Responsible AI Program.","HCA Healthcare manages large volumes of sensitive patient data across its multistate hospital network, requiring strict HIPAA compliance across clinical, administrative, and operational systems. In 2023, HCA disclosed a data breach affecting approximately 11 million patients, resulting from theft of data stored in an external email formatting system used by a third-party vendor. The breach led to 27 class action lawsuits and a multi-million dollar settlement, highlighting confirmed gaps in third-party data access controls and external storage governance. HCA's centralized data platform on Google Cloud supports access controls and audit logging. As AI expands across documentation, staffing, and revenue cycle, vendor data-use agreements and data minimization controls remain critical areas requiring ongoing governance attention following the 2023 incident.","HCA Healthcare experienced a confirmed data breach in 2023 exposing personal data of approximately 11 million patients. The breach originated from an external storage location used by a third-party vendor for email automation a supply chain attack vector that resulted in class action litigation and a multi-million dollar settlement. Healthcare was the most targeted U.S. critical infrastructure sector in 2024, with ransomware groups including LockBit, Akira, and RansomHub actively targeting large hospital networks. HCA's scale of 188 hospitals and 300,000+ employees makes it a high-value target for lateral movement attacks and repeat supply chain exploitation. HCA uses Google Cloud and AWS Bedrock with cloud-native security controls, and its board-level Audit and Compliance Committee oversees cybersecurity risk. However, the confirmed 2023 breach is direct public evidence that third-party vendor risk management required remediation, and no public trust center or named security certifications were found.","HCA Healthcare maintains a mature AI governance structure through its Digital Transformation and Innovation department. A dedicated System Vice President of Clinical AI was appointed in June 2025, and the organization operates a formal Responsible AI Program, confirmed in its 2026 Impact Report. The cross-functional governance model spans clinical, operational, finance, and technology leadership, with board-level Audit and Compliance Committee oversight of cybersecurity and AI risk. HCA has publicly articulated principles around AI as a tool for augmenting rather than replacing clinical judgment. The 2023 data breach and resulting litigation highlight areas where governance controls over third-party data access required strengthening, and ongoing remediation is part of the governance improvement record.","HCA Healthcare has exceptional automation potential due to its scale and the breadth of high-volume workflows across 188 hospitals. The organization has already automated clinical documentation, nurse staffing, revenue cycle, and patient communication at enterprise scale, with an Automation Center of Excellence coordinating ongoing deployment. Administrative AI use cases in IT, supply chain, HR, and revenue cycle represent the highest near-term value due to high transaction volumes and standardized data across a national network.Additional opportunities exist in prior authorization, clinical decision support, discharge planning, and supply chain optimization. HCA's data-as-product strategy and cloud infrastructure support rapid scaling across its full hospital network.","Implementation complexity is moderate to high. Managing AI change across 188 hospitals and approximately 300,000 employees requires strong governance, communication, and training infrastructure. HCA's use of both Google Cloud and AWS Bedrock alongside multiple AI vendor partnerships adds integration and interoperability complexity. The 2023 data breach required significant remediation investment running concurrently with ongoing AI deployment, creating competing technology priorities. HCA's mature DT&I governance structure, dedicated AI leadership, Automation Center of Excellence, and long track record of large-scale technology deployment significantly reduce execution risk compared to less digitally mature systems of similar size.",5,2,2,4,5,4,3.5,62.5,Moderate-high readiness / Manageable visible risk,"HCA Healthcare is one of the most digitally advanced health systems in the country and has a strong foundation for AI adoption at enterprise scale. The organization has deployed ambient documentation, AI-driven staffing, sepsis prediction, and revenue cycle automation across 188 hospitals, guided by a formal Responsible AI Program and supported by an Automation Center of Excellence. HCA's dedicated AI leadership and Digital Transformation and Innovation department support ongoing development and scaling. However, a confirmed 2023 data breach affecting 11 million patients highlights the importance of third-party vendor security controls alongside AI expansion. Overall, HCA is well positioned for continued AI growth due to its production-grade deployments, strong data infrastructure, and committed executive leadership.","HCA Healthcare should continue scaling its existing AI deployments and accelerate investment in agentic AI for care coordination and prior authorization, building on its Automation Center of Excellence. To support safe and effective deployment, HCA should strengthen third-party vendor security controls and external storage data access governance to prevent recurrence of the breach patterns confirmed in 2023. Overall, HCA should focus on scalable AI solutions that reduce administrative burden, improve clinical outcomes, and enhance the patient experience across its large and growing hospital network.","HCA Healthcare reviews AI outputs through its Digital Transformation and Innovation department and Responsible AI Program, with board-level Audit and Compliance Committee oversight. The 2026 Impact Report confirms that all clinical technology and AI adoption efforts are evaluated for accuracy, safety, and regulatory compliance across clinical and operational domains.",AI Readiness Framework v2,Approved,7/5/26
Elevance Health,Healthcare,Large,https://www.elevancehealth.com/our-approach-to-health/digitally-enabled-healthcare/ai-solutions-in-healthcare,https://www.elevancehealth.com/our-approach-to-health/digitally-enabled-healthcare/how-ai-helps-improve-the-consumer-experience,https://www.gartner.com/document-reader/document/7632329?ref=solrAll&refval=561876320&,"Elevance Health is the second-largest health insurer in the United States, serving approximately 112 million consumers and generating $175 billion in operating revenue in 2024. The organization committed approximately $1 billion to technology investment and was recognized on Fortune's list of top companies for AI adoption in 2025. Elevance has published AI Guiding Principles and uses AI across member engagement, care management, and risk stratification. Its Virtual Assistant, available in the Sydney Health app, was expanded to approximately 22 million commercial plan members in December 2025 and uses conversational AI to help members navigate benefits, find care, and estimate costs. More than 60,000 associates use AI productivity tools internally. Carelon, its technology-enabled services segment, and Mosaic Health, its national primary care platform, serve as the primary vehicles for deploying AI-driven clinical and administrative capabilities.","Elevance Health manages sensitive data across health insurance, pharmacy benefits, and care delivery operations, requiring strict compliance with HIPAA, CMS regulations, and state-level privacy laws. The organization publishes a privacy policy with user rights and data handling explanations, and its AI Guiding Principles include accountability language for the responsible development and deployment of AI solutions throughout their entire lifecycle. Sydney Health and Carelon platforms process large volumes of clinical, claims, and behavioral data for personalization and risk stratification, requiring robust purpose-limitation and access controls. No publicly detailed privacy transparency report was found, and Mosaic Health's growing clinical data flows will require expanded data governance as the platform scales.","Elevance Health operates a large and interconnected technology environment spanning insurance, pharmacy benefits, and care delivery, requiring enterprise-grade cybersecurity protections. Healthcare payers are high-value ransomware targets. The Change Healthcare attack in 2024 disrupted medical billing nationally and exposed records for approximately 190 million Americans, demonstrating the systemic risk of ransomware against large payer infrastructure at Elevance's scale. Elevance has no confirmed public breach history. Elevance must comply with HIPAA and CMS security requirements, which mandate documented security controls, risk analysis, and access management. Its $1 billion technology investment includes security infrastructure, but growing use of AI and agentic tools increases the importance of secure APIs, identity management, and vendor risk oversight. No public trust center or named certifications beyond mandatory regulatory compliance were found.","""Elevance Health has published AI Guiding Principles on its corporate website, describing accountable, responsible, and ethical AI development, deployment, and management throughout the entire AI solution lifecycle. This is the clearest public AI governance documentation found among the five companies in this group. The organization's Chief Digital Information Officer leads AI strategy, and Carelon operates as a dedicated AI deployment vehicle with structured governance and oversight. More than 60,000 associates receive AI literacy training, reflecting enterprise-wide governance commitment. Elevance's governance approach aligns with Gartner's recommendation that payers create formal AI governance frameworks covering model oversight and regulatory alignment.""","Elevance Health has significant automation potential across its payer and care management operations. Prior authorization, claims adjudication, utilization management, member outreach, and care coordination are all high-volume, rules-based workflows well suited for AI automation. Carelon's pharmacy benefit management operations including formulary analysis, drug utilization review, and rebate analytics have strong automation potential. More than 60,000 associates already use AI productivity tools, and the Virtual Assistant serves 22 million members, demonstrating live automation impact at scale. Proactive AI-driven outreach programs identify members with care gaps and automate personalized reminders, directly reducing manual care management workload.","Implementation complexity is moderate to high due to Elevance's scale, regulatory environment, and the need to coordinate AI deployment across health benefits, Carelon, and Mosaic Health. Managing technology changes for 112 million consumers requires strong governance, change management, and training infrastructure. Integrating AI into legacy claims and care management systems while maintaining HIPAA and CMS compliance adds significant coordination complexity. Elevance's growing care delivery footprint through Mosaic Health introduces new clinical workflow requirements that must be aligned with existing payer systems. Its published AI Guiding Principles and Carelon governance structure provide a solid foundation for managing this complexity at scale.",4,3,3,4,5,4,3.7,67.5,Moderate-high readiness / Manageable visible risk,"Elevance Health is one of the most AI-forward health insurers in the United States and has a strong foundation for AI adoption at scale. The organization has published AI Guiding Principles, deployed a Virtual Assistant to 22 million commercial members, and provides AI productivity tools to more than 60,000 associates. Carelon's technology-enabled services and the Sydney Health platform support active AI deployment across care management, member engagement, and pharmacy benefits. Overall, Elevance is well positioned for continued AI growth due to its scale, published governance framework, and structured approach to deploying AI through dedicated business segments.","Elevance Health should continue expanding AI-enabled automation in prior authorization, utilization management, and claims adjudication, building on its existing Carelon infrastructure and member-facing Virtual Assistant. To support safe and effective deployment, Elevance should strengthen model bias monitoring, vendor oversight, and expand its published AI Guiding Principles to include more detailed accountability mechanisms as agentic AI scales. Overall, Elevance should focus on scalable AI solutions that reduce administrative burden, improve care coordination, and enhance the member experience across its large and growing consumer base.","Elevance Health reviews AI outputs through its Chief Digital Information Officer and enterprise governance structures guided by its published AI Guiding Principles. The organization's stated commitment to accountable, responsible, and ethical AI management throughout the full solution lifecycle provides a documented framework for output evaluation.",AI Readiness Framework v2,Approved,7/5/26
Cigna Group,Healthcare,Large,https://newsroom.cigna.com/cigna-healthcare-unveils-industry-leading-ai-powered-digital-tools,https://newsroom.cigna.com/clearity-by-cigna-healthcare,https://www.gartner.com/document-reader/document/6401875?ref=solrAll&refval=561876524&,"Cigna Group is a major health services company with $247 billion in 2024 revenues, operating through Cigna Healthcare and Evernorth. In June 2025, Cigna launched an industry-first generative AI-powered virtual assistant for members, blending responsible AI with human interactions to help customers navigate benefits, estimate costs, and find care. In November 2025, Cigna launched Clearity, a new AI-powered health plan that uses digital tools for transparent pricing, provider insights, and simplified care navigation. Evernorth uses machine learning to predict chronic diagnoses before they occur and employs predictive models for high-cost conditions including cancer and musculoskeletal disease with up to 93% reported accuracy. Evernorth's position as the primary growth driver and AI deployment vehicle, combined with Cigna's live generative AI products, demonstrates strong and active AI readiness across both commercial and pharmacy operations.","Cigna Group manages large volumes of sensitive member, clinical, and pharmacy data across Cigna Healthcare and Evernorth, requiring strict HIPAA compliance and robust data governance. The organization's generative AI virtual assistant and clinical predictive models process sensitive member health and behavioral data, requiring strong consent management and access controls. Evernorth's complex data flows between pharmacy, clinical, and administrative systems require careful oversight to prevent inappropriate data sharing across its large partner network. Cigna's recent Medicare divestiture in 2025 reduces some regulatory complexity, but Evernorth's large partner network continues to require strong third-party data governance. A published privacy policy with user rights is available, but no publicly detailed transparency report was found.","Cigna Group operates a large and interconnected technology environment spanning health benefits, pharmacy benefit management, and care services. Healthcare payers face significant ransomware and data theft risks the Change Healthcare attack in 2024 disrupted medical billing nationally and exposed approximately 190 million records, demonstrating the systemic vulnerability of large payer infrastructure at Cigna's scale. Cigna has no confirmed public breach history. Cigna must comply with HIPAA and CMS security requirements, which mandate documented security controls, risk analysis, and access management. Evernorth's large partner network and growing generative AI deployments increase the attack surface through API endpoints and third-party integrations, requiring strong identity management and vendor risk oversight. No public trust center or named certifications beyond mandatory regulatory compliance were found.","Cigna Group publicly describes its June 2025 AI tools as blending responsible AI with human interactions, reflecting governance language around AI oversight and human accountability in member-facing deployments. Evernorth's structural separation from traditional Cigna Healthcare operations provides a clear governance boundary for AI deployment, with dedicated data strategy and analytics leadership. The recent Medicare divestiture reflects disciplined strategic governance to focus resources on core commercial and specialty health markets. No published standalone AI ethics policy, AI governance framework, or bias monitoring documentation was found in public sources beyond the responsible AI references in product launch materials.","Cigna Group has significant automation potential across health benefits and pharmacy services. Prior authorization, claims adjudication, utilization management, and member engagement are high-volume, rules-based workflows well suited for AI-driven automation. Evernorth uses machine learning to automate chronic disease prediction and clinical outreach, and its pharmacy benefit management operations formulary analysis, drug utilization review, specialty pharmacy services have strong automation potential. The generative AI virtual assistant, Clearity AI-powered plan, and predictive clinical models represent live automation deployments already reducing member friction and administrative burden at scale.","Implementation complexity is moderate to high due to Cigna's scale, Evernorth's complex pharmacy and care services infrastructure, and the regulatory requirements spanning payer and pharmacy operations. Cigna's recent Medicare divestiture creates an organizational transition period requiring careful resource allocation as the company realigns technology investments around its core commercial markets. Evernorth's large and complex partner network requires careful coordination when introducing new AI and automation capabilities. Supply chain breach risks seen across the healthcare payer sector in 2023 and 2024 make third-party integration governance a critical complexity factor.",4,3,3,3,5,4,3.5,62.5,Moderate-high readiness / Manageable visible risk,"Cigna Group is actively advancing its AI capabilities across member engagement, clinical analytics, and pharmacy services. The organization launched an industry-first generative AI virtual assistant for members and a new AI-powered health plan in 2025, and Evernorth uses predictive models with up to 93% reported accuracy for high-cost clinical conditions. Evernorth serves as the primary AI deployment vehicle, consistent with best practices for separating technology-enabled services from traditional payer operations. Overall, Cigna is well positioned for continued AI growth due to its live generative AI deployments, clinical predictive capabilities, and strong data assets across payer and pharmacy operations.","Cigna Group should continue expanding its generative AI tools and invest in predictive analytics for additional high-cost clinical conditions where Evernorth has demonstrated strong model performance. To support safe and effective deployment, Cigna should develop a formal published AI governance framework that goes beyond product launch responsible AI language to include bias monitoring, explainability, and vendor risk controls. Overall, Cigna should focus on scalable AI solutions that reduce administrative burden, improve care coordination, and enhance the member experience across its commercial and specialty health markets.",Cigna Group reviews AI outputs through enterprise governance structures spanning Cigna Healthcare and Evernorth. The organization's June 2025 product launch confirms that member-facing AI tools are reviewed for responsible AI principles and human interaction design before deployment. Evernorth's data strategy and analytics leadership oversees clinical predictive model development and performance monitoring.,AI Readiness Framework v2,Approved,7/5/26
CommonSpirit Health,Healthcare,Large,https://www.commonspirit.org/news-articles/commonspirit-health-releases-fy2025-year-end-results,https://www.commonspirit.org/news-articles/commonspirit-launches-internal-ai-assistant,https://www.gartner.com/document-reader/document/6144191?ref=solrAll&refval=561877072&,"CommonSpirit Health is one of the largest nonprofit health systems in the United States, operating more than 140 hospitals across 21 states. As an early AI adopter since 2015, CommonSpirit has implemented more than 230 AI tools to transform care delivery, enhance patient outcomes, and improve operational efficiency confirmed in its FY2025 Year-End Results. In March 2024, CommonSpirit launched Insightli, a proprietary internal AI assistant designed to streamline workflows while keeping private information secure within the organization's own systems. CommonSpirit also operates a Virtual Integrated Care model recognized with the 2025 ATA Nexus Transformational Leadership Award, and has rolled out AI-enabled cancer screening notification tools system-wide. EHR standardization to a single platform is underway, with the South region completed in June 2025, providing a growing foundation for consistent AI deployment across all facilities.","CommonSpirit Health manages sensitive patient data across 140+ hospitals in 21 states, requiring enterprise-grade HIPAA compliance across a large and geographically diverse environment. The launch of Insightli was explicitly designed to address privacy concerns with public AI tools, ensuring private information is not shared outside the organization's systems reflecting a privacy-by-design approach to internal AI deployment. The 2022 ransomware attack exposed vulnerabilities in data protection controls and required significant remediation investment. CommonSpirit's multistate operations introduce variability in state-level privacy requirements, and no publicly detailed privacy governance report was found beyond standard HIPAA compliance documentation.","CommonSpirit Health experienced a major ransomware attack in October 2022, attributed to the Hive ransomware group, that disrupted clinical operations across many of its hospitals for several weeks. Staff were forced to use paper records and some facilities diverted patients, resulting in delayed care and significant remediation costs the most operationally severe cybersecurity incident among the five companies in this group. Healthcare was the most targeted U.S. critical infrastructure sector in 2024, with ransomware groups including LockBit, Akira, and RansomHub actively targeting large hospital networks. CommonSpirit's scale of 140+ hospitals across 21 states makes it a high-value target for repeat attacks. Post-incident investments in network segmentation, identity management, and incident response have been made, but consistent security standards across 140+ geographically dispersed facilities remain a significant ongoing challenge. No public trust center or named security certifications were found.","CommonSpirit Health has publicly confirmed a robust AI governance framework through which all 230+ AI tools are monitored documented in its FY2025 Year-End Results and confirmed at the January 2026 JP Morgan Healthcare Conference. The organization's Chief Information Officer oversees digital and AI strategy, and its Catholic mission values of equity, safety, and community benefit shape its approach to responsible AI adoption. Insightli was designed with governance controls to prevent private data from leaving the organization's systems, reflecting a deliberate privacy-and-governance-first approach to internal AI. CommonSpirit was named a 2025 AHA Quest for Quality Prize finalist, with AI-enabled tools cited as a key example of how governance-driven innovation was cascaded across the system.","CommonSpirit Health has strong automation potential across clinical operations, administrative workflows, and care coordination due to its scale and the high volume of repetitive processes across 140+ hospitals. More than 230 AI tools are already deployed across clinical and operational areas, including cancer screening notifications, Virtual Integrated Care, clinical documentation, and Insightli for internal workflow automation. Key additional opportunities include scheduling, discharge planning, revenue cycle management, and supply chain operations. CommonSpirit's large and diverse patient population supports AI models for community health and population health management aligned with its nonprofit mission.","Implementation complexity is very high. CommonSpirit operates 140+ hospitals across 21 states with a workforce of more than 150,000 employees, making consistent AI adoption across all facilities a sustained multi-year challenge. EHR standardization to a single platform is still in progress the South region was completed in June 2025, covering 60 clinics, but the full enterprise rollout will take additional years. The 2022 ransomware attack created competing technology priorities between cybersecurity remediation and AI investment. CommonSpirit's nonprofit structure and resource constraints require careful prioritization of technology investments. Healthcare provider IT budgets are growing below the cross-industry average in 2025, a constraint that applies directly to CommonSpirit's large-scale modernization needs.",4,3,2,4,4,5,3.5,62.5,Moderate-high readiness / Manageable visible risk,"CommonSpirit Health is one of the largest nonprofit health systems in the country and has a stronger AI foundation than its size and 2022 ransomware history might suggest. As an early AI adopter since 2015, it has deployed more than 230 AI tools across clinical and operational areas, operates a formal AI governance framework, and launched Insightli, a proprietary internal AI assistant, in 2024. Its Virtual Integrated Care model earned the 2025 ATA Nexus Transformational Leadership Award, and its AI governance and quality work was recognized by the AHA Quest for Quality Prize. Overall, CommonSpirit is well advanced in AI adoption for a nonprofit system of its size, though very high implementation complexity and a confirmed 2022 ransomware incident remain significant risk factors.","CommonSpirit Health should continue scaling its 230+ AI tool portfolio with a focus on clinical documentation, scheduling, and revenue cycle, where automation can deliver measurable efficiency gains across its large hospital network. To support safe and effective deployment, CommonSpirit should accelerate EHR standardization across all regions, as consistent data infrastructure is a prerequisite for reliable AI deployment at enterprise scale. Overall, CommonSpirit should invest in equitable AI frameworks that address the needs of its diverse and underserved patient populations, and continue strengthening cybersecurity controls to reduce the risk of repeat ransomware disruption.","CommonSpirit Health reviews AI outputs through its robust AI governance framework, which monitors all 230+ deployed AI tools across clinical and operational areas. The organization's Chief Information Officer oversees this framework, and the design of Insightli with explicit data privacy controls reflects a governance-first approach to AI output management and responsible deployment.",AI Readiness Framework v2,Approved,7/5/26
,,,,,,,,,,,,,,,,,,,,,,,,,,7/5/26
Microsoft,Technology,Large,https://www.microsoft.com/investor/reports/ar24/index.html,https://www.microsoft.com/en-us/ai?utm_,https://www.gartner.com/document-reader/document/7947873?ref=solrAll&refval=562003437&,"Microsoft has a highly advanced foundation for AI readiness driven by its cloud-first strategy, enterprise-scale data infrastructure, and deep integration of AI across products and services. The company’s annual report highlights significant investment in Azure AI, Copilot, and responsible AI frameworks that support large-scale deployment across industries. Microsoft’s AI homepage further emphasizes its unified platform approach, combining models, data, and developer tools to accelerate adoption. The introduction of Microsoft Scout, as described in the Gartner First Take, shows Microsoft’s shift toward autonomous AI agents embedded directly into workflows. Together, these capabilities demonstrate a mature AI ecosystem with strong readiness for continued expansion.","Microsoft maintains a mature, well-documented privacy program grounded in its published Privacy Principles at the Microsoft Trust Center, which commit to not sharing customer data with advertiser-supported services and to guaranteeing data protection terms in commercial contracts. The company operates a formal hub and spoke privacy governance model led by a Chief Privacy Officer and a dedicated EU Data Protection Officer, backed by third-party certifications including ISO 27018 and ISO 27701. Microsoft's EU Data Boundary lets customers store and process data within the EU, and its Trust Center publishes compliance offerings, audit reports, and Data Protection Impact Assessment resources to support GDPR accountability. Public statements on Microsoft 365 Copilot specify that customer prompts and data are not used to train foundation models, addressing a common AI-specific privacy concern.","Microsoft operates one of the world’s largest cybersecurity ecosystems, integrating threat detection, identity protection, and secure cloud infrastructure across Azure and Microsoft 365. The annual report highlights ongoing investment in security innovation, including AI-driven threat intelligence and endpoint protection. Microsoft’s AI platform documentation emphasizes secure model deployment, responsible agent behavior, and enterprise-grade controls. Gartner’s analysis of Microsoft Scout notes that autonomous agents expand the attack surface, requiring strong endpoint hardening, credential protection, and containment strategies. Microsoft’s integration of Scout with existing identity and governance systems strengthens its overall cybersecurity posture.","Microsoft has a mature governance framework built around responsible AI, enterprise compliance, and transparent model oversight. The company’s AI principles guide development and deployment across Azure, Microsoft 365, and Copilot. The annual report highlights governance structures that support regulatory alignment, risk management, and ethical AI practices. Gartner’s First Take on Microsoft Scout emphasizes the need for organizations to refine governance as autonomous agents become more embedded in workflows. Microsoft’s approach—using distinct agent identities, audit logs, and policy enforcement—supports strong governance across its expanding AI portfolio.","Microsoft has extensive automation opportunities across cloud services, productivity tools, and enterprise applications. Azure AI and Copilot provide automation for coding, documentation, analytics, and business workflows. The AI homepage showcases Microsoft’s ability to automate tasks across industries using prebuilt models, orchestration tools, and integrated agent capabilities. Gartner’s analysis of Microsoft Scout highlights a new layer of automation through persistent, autonomous task execution that reduces manual effort and supports continuous workflow optimization. These capabilities position Microsoft to expand automation across both knowledge work and enterprise operations.","Implementation complexity for Microsoft solutions varies depending on enterprise size, existing infrastructure, and integration needs. The annual report notes that organizations adopting Microsoft AI often require cloud modernization, data platform alignment, and workforce training. Microsoft’s AI platform documentation emphasizes the need for responsible deployment practices, identity configuration, and governance alignment. Gartner’s First Take on Microsoft Scout highlights additional complexity introduced by autonomous agents, including licensing overlap, identity management, and endpoint readiness. While Microsoft provides strong tools and frameworks, successful implementation requires coordinated planning across IT, security, and business teams.",5,4,3,5,5,3,4.2,80,Low Risk,"Microsoft has a highly mature AI ecosystem supported by Azure AI, Copilot, and a strong responsible AI framework. The company continues to expand its capabilities through autonomous agents like Microsoft Scout, which represent a shift toward continuous, embedded AI assistance. Microsoft’s investments in cloud infrastructure, data platforms, and enterprise governance position it as a leader in AI readiness and adoption. Its tools support automation, decision-making, and workflow optimization across industries, making Microsoft a central player in enterprise AI transformation.","Microsoft should continue advancing its AI platform by strengthening integration across Copilot, Scout, and Azure AI to reduce portfolio fragmentation. Enhancing governance tooling, identity controls, and cost transparency will support enterprise adoption of autonomous agents. Microsoft can expand its leadership by improving developer tools, simplifying deployment pathways, and supporting organizations through cloud modernization and workforce training. Continued investment in responsible AI and secure agent frameworks will help maintain trust as AI becomes more autonomous and embedded in daily workflows.","The AI-generated outputs for Microsoft have been reviewed for clarity, consistency, and alignment with the selected sources. All sections follow the same structure used for previous organizations and are ready for placement into the spreadsheet.",AI Readiness Framework v2,Approved,7/5/26
Google,Technology,Large,https://ai.google/?utm_,https://cloud.google.com/ai?utm_,https://www.gartner.com/document-reader/document/7260330?ref=solrAll&refval=562004393&,"Google has one of the strongest AI readiness profiles in the industry due to its unified AI‑native data platform, vertically integrated infrastructure, and long history of foundational AI research. The Gartner report highlights that Google gained a structural advantage by unifying operational and analytical workloads early and infusing them with AI, supported by technologies like Bigtable, BigQuery, and the Transformer architecture. Google’s AI homepage and investor materials reinforce this leadership through its Gemini model family, Vertex AI platform, and custom TPUs that enable end‑to‑end AI development. This combination of research, infrastructure, and integrated tooling positions Google as a front‑runner in enterprise AI readiness.","Google maintains strong data privacy practices grounded in global regulatory compliance, responsible AI principles, and secure data governance. Its public AI documentation emphasizes privacy‑by‑design, user control, and transparency in how data is used for AI training and inference. The Gartner report notes that Google’s open ecosystem approach supports customer flexibility through open APIs and multicloud options, even as it delivers a vertically integrated AI stack. These practices reinforce Google’s commitment to privacy, data protection, and responsible AI deployment across its cloud and AI services.","Google operates a highly secure global infrastructure designed to protect data across its cloud, AI, and data management platforms. Its annual report highlights ongoing investment in secure‑by‑default architecture, threat detection, and identity management. The Gartner analysis emphasizes that Google’s integrated “silicon‑to‑agent” stack strengthens security by reducing fragmentation and enabling consistent policy enforcement across layers of the platform. At the same time, Gartner notes that Google’s proprietary infrastructure may limit interoperability for organizations requiring cross‑cloud security models. Overall, Google maintains a strong cybersecurity posture supported by deep integration across its AI and data systems.","Google has a mature governance framework built around responsible AI, model oversight, and transparent data practices. Its AI principles guide development across Gemini, Vertex AI, and Google Cloud services. The Gartner report highlights that Google’s unified data and AI platform reduces governance complexity by consolidating operational, analytical, and AI workloads into a single architecture. This integration supports consistent policy application, auditability, and oversight. However, Gartner also notes that Google’s proprietary approach may challenge organizations seeking broader interoperability or hybrid governance models. Overall, Google’s governance maturity is strengthened by its integrated platform and responsible AI commitments.","Google has significant automation opportunities across data management, analytics, and AI‑driven workflows. The Gartner report highlights Google’s ability to embed AI directly into BigQuery, Spanner, AlloyDB, and Vertex AI, enabling automated query generation, anomaly detection, predictive optimization, and natural language interfaces for data exploration. Google’s Gemini models further enhance automation by enabling conversational interactions, code generation, and agentic workflows across its cloud ecosystem. These capabilities position Google to automate complex data engineering, analytics, and operational tasks at scale.","mplementation complexity for Google’s AI solutions varies depending on an organization’s cloud footprint, data architecture, and interoperability needs. Gartner notes that Google’s vertically integrated stack offers strong ease of use and performance but may introduce challenges for organizations requiring multicloud or hybrid deployments due to Google’s proprietary infrastructure orientation. While Google’s unified platform reduces internal fragmentation, enterprises may face complexity when integrating Google’s AI systems with existing non‑Google environments. Successful implementation requires alignment across data engineering, cloud strategy, and governance teams.",5,4,4,4,5,3,4.2,80,Low Risk,"Google is a global leader in AI, driven by its unified data and AI platform, foundational research contributions, and vertically integrated stack spanning TPUs, Vertex AI, and Gemini. Gartner identifies Google as the company to beat in the AI data platform race due to its early investment in unifying operational and analytical workloads with AI and its ability to embed intelligence directly into data systems. Google’s platform enables advanced automation, natural language interfaces, and production‑grade AI capabilities that support enterprise transformation across industries","Google should continue strengthening its multicloud and open ecosystem capabilities to address concerns about proprietary lock‑in and broaden adoption among enterprises with hybrid environments. Expanding interoperability, simplifying cross‑cloud integration, and enhancing governance tooling will support organizations adopting Google’s AI‑native data platform. Continued investment in Gemini, Vertex AI, and integrated agentic workflows will help Google maintain its leadership position as competitors accelerate innovation.","The AI‑generated outputs for Google have been reviewed for clarity, consistency, and alignment with the selected sources. All sections follow the same structure used for previous organizations and are ready for placement into the spreadsheet.",AI Readiness Framework v2,Approved,7/5/26
Amazon,Technology,Large,https://ir.aboutamazon.com/annual-reports-proxies-and-shareholder-letters/default.aspx,https://aws.amazon.com/events/reinvent/?nc2=h_l1_f,https://www.gartner.com/document-reader/document/7185030?ref=solrAll&refval=562005298&,"Amazon demonstrates strong AI readiness driven by its leadership in cloud computing, large‑scale data infrastructure, and deep investment in generative AI. The annual report highlights Amazon’s focus on foundation models, custom silicon, and industry‑specific AI capabilities. AWS provides a comprehensive AI stack through services like Bedrock, SageMaker, and Amazon Q, enabling organizations to build, deploy, and scale AI solutions efficiently. The AWS Generative AI homepage reinforces Amazon’s commitment to enterprise‑grade AI with secure model hosting, multimodal capabilities, and integrated developer tools. Gartner consistently positions AWS as a leader in cloud AI services, reflecting its maturity, breadth of offerings, and strong enterprise adoption.","Amazon maintains strong data privacy practices grounded in customer control, encryption, and compliance with global regulations. AWS emphasizes privacy‑by‑design, secure data handling, and transparency in how data is used for AI workloads. The annual report reinforces Amazon’s commitment to responsible data management and adherence to regional privacy laws. AWS’s generative AI platform provides isolation, private networking, and fine‑grained access controls to protect sensitive data. Gartner notes that AWS’s governance and privacy capabilities are well‑established, particularly for enterprises operating in regulated industries.","Amazon operates one of the most secure cloud infrastructures globally, with multilayered protections across compute, storage, networking, and AI services. The annual report highlights Amazon’s investment in secure‑by‑default architecture, threat detection, and identity management. AWS integrates AI‑driven security tools, encryption, and automated monitoring across its platform. The AWS Generative AI homepage emphasizes secure model deployment, responsible AI safeguards, and enterprise‑grade security controls. Gartner consistently recognizes AWS for its strong cybersecurity posture, supported by its global scale and operational maturity.","Amazon has a mature governance framework that supports responsible AI development, regulatory compliance, and enterprise oversight. AWS provides governance tools for model monitoring, data lineage, access control, and policy enforcement. The annual report outlines Amazon’s commitment to responsible AI principles and transparency. AWS’s generative AI platform includes built‑in guardrails, model evaluation tools, and governance features that help organizations manage risk. Gartner highlights AWS’s strong governance capabilities, particularly in areas such as model lifecycle management and auditability.","Amazon has significant automation opportunities across cloud operations, retail logistics, fulfillment, and enterprise AI workflows. AWS enables automation through services like Bedrock, SageMaker, Lambda, and AI‑powered DevOps tools. The AWS Generative AI homepage showcases automation capabilities through foundation models, conversational agents, and workflow orchestration. Amazon’s internal operations—such as robotics in fulfillment centers and predictive inventory systems—demonstrate automation at global scale. Gartner notes that AWS’s breadth of AI and automation tools enables organizations to automate data pipelines, application workflows, and operational processes effectively.","Implementation complexity for Amazon’s AI solutions varies depending on an organization’s cloud maturity, data architecture, and integration needs. AWS offers a wide range of services, which can create complexity for organizations without strong cloud engineering capabilities. The annual report and AWS documentation emphasize the need for cloud modernization, data migration, and workforce training to fully leverage AI capabilities. Gartner notes that while AWS provides powerful tools, the breadth of its ecosystem can increase complexity for organizations seeking simplified deployment or cross‑cloud interoperability. Successful implementation requires coordinated planning across IT, security, and data teams.",5,3,4,4,5,3,4,75,Low Risk,"Amazon is a global leader in AI and cloud computing, supported by AWS’s comprehensive AI platform, custom silicon, and enterprise‑grade infrastructure. The company’s investments in generative AI, foundation models, and industry‑specific solutions position it as a major force in enterprise AI transformation. Amazon’s integrated cloud ecosystem, strong governance, and large‑scale operational expertise enable organizations to build, deploy, and scale AI solutions across diverse use cases. Its combination of cloud leadership and AI innovation makes Amazon a central player in the global AI landscape.","Amazon should continue simplifying its AI portfolio to reduce complexity for enterprises adopting generative AI and automation. Strengthening cross‑cloud interoperability, enhancing governance tooling, and expanding industry‑specific AI solutions will support broader adoption. Continued investment in custom silicon, model optimization, and responsible AI practices will help Amazon maintain its leadership position as the AI landscape evolves.","The AI‑generated outputs for Amazon have been reviewed for clarity, consistency, and alignment with the selected sources. All sections follow the same structure used for previous organizations and are ready for placement into the spreadsheet.",AI Readiness Framework v2,Approved,7/5/26
IBM,Technology,Large,https://www.ibm.com/investor/services/annual-report,https://www.ibm.com/products/watsonx?utm_,https://www.gartner.com/document-reader/document/7730757?ref=solrAll&refval=562006061&,"IBM demonstrates strong AI readiness driven by its long history in enterprise AI, its watsonx platform, and its focus on trustworthy, governed AI. The annual report highlights IBM’s strategy to center its business around hybrid cloud and AI, with watsonx serving as the foundation for generative AI, data management, and model governance. The watsonx homepage reinforces IBM’s commitment to enterprise‑grade AI through watsonx.ai for model development, watsonx.data for scalable data storage, and watsonx.governance for responsible AI oversight. Gartner consistently recognizes IBM as a key player in enterprise AI, particularly for organizations that require strong governance, compliance, and hybrid cloud integration. These capabilities position IBM as a mature and reliable provider for AI transformation.","IBM maintains strong data privacy practices grounded in responsible AI principles, regulatory compliance, and secure data governance. The annual report emphasizes IBM’s commitment to transparency, customer data control, and adherence to global privacy standards. The watsonx platform includes built‑in governance tools that support data lineage, access control, and model monitoring, helping organizations manage sensitive data responsibly. IBM’s long‑standing reputation in regulated industries reinforces its privacy posture. Gartner notes that IBM’s governance‑first approach is a differentiator for enterprises that prioritize privacy and compliance in AI deployments.","IBM operates a highly secure global infrastructure supported by decades of experience in cybersecurity, threat intelligence, and enterprise protection. The annual report highlights IBM’s investment in secure hybrid cloud architecture, encryption, and identity management. The watsonx platform integrates security controls across data, models, and workflows, ensuring that AI systems are protected throughout their lifecycle. IBM’s cybersecurity capabilities are strengthened by its broader security portfolio, including IBM Security and QRadar. Gartner consistently recognizes IBM for its strong security posture, particularly for organizations with complex or regulated environments.","IBM has one of the most mature AI governance frameworks in the industry, supported by watsonx.governance and its responsible AI principles. The annual report emphasizes IBM’s focus on transparency, fairness, and accountability in AI development. The watsonx platform provides tools for model validation, monitoring, documentation, and risk management, helping organizations maintain compliance and oversight. Gartner highlights IBM’s governance capabilities as a core strength, especially for enterprises that require structured, auditable AI processes. IBM’s governance‑first approach aligns well with organizations operating in healthcare, finance, government, and other regulated sectors.","IBM has strong automation opportunities across data management, business workflows, and enterprise operations. The watsonx platform enables automation through generative AI, natural language interfaces, and AI‑driven data processing. IBM’s annual report highlights automation as a key driver of value across its consulting, cloud, and software businesses. The watsonx homepage showcases tools that automate model development, data preparation, and decision‑making processes. Gartner notes that IBM’s automation capabilities are particularly strong in industries that require structured workflows, hybrid cloud integration, and governed AI systems.","Implementation complexity for IBM’s AI solutions varies depending on an organization’s existing infrastructure, data architecture, and governance requirements. IBM’s hybrid cloud strategy allows organizations to deploy AI across on‑premises, cloud, and multicloud environments, which can introduce complexity for teams without strong architecture support. The annual report and watsonx documentation emphasize the need for data modernization and governance alignment to fully leverage IBM’s AI capabilities. Gartner notes that while IBM provides strong governance and hybrid cloud flexibility, organizations may face complexity integrating watsonx with legacy systems or non‑IBM environments. Successful implementation requires coordination across IT, data, and compliance teams.",4,4,4,5,4,3,4.1,77.5,Low Risk,"IBM is a mature and trusted leader in enterprise AI, supported by its watsonx platform, hybrid cloud strategy, and governance‑first approach. The company’s investments in generative AI, data platforms, and responsible AI position it as a strong provider for organizations that require secure, compliant, and scalable AI solutions. IBM’s long‑standing presence in regulated industries and its focus on transparency and accountability make it a reliable partner for enterprise AI transformation.","IBM should continue expanding its watsonx platform to simplify deployment, improve interoperability, and enhance automation capabilities. Strengthening integrations with third‑party cloud providers and modern data ecosystems will support broader adoption. Continued investment in responsible AI, governance tooling, and industry‑specific solutions will help IBM maintain its leadership in enterprise AI, particularly among organizations with complex regulatory or operational requirements.","The AI‑generated outputs for IBM have been reviewed for clarity, consistency, and alignment with the selected sources. All sections follow the same structure used for previous organizations and are ready for placement into the spreadsheet.",AI Readiness Framework v2,Approved,7/5/26
Meta,Technology,Large,https://investor.atmeta.com/home/default.aspx,https://ai.meta.com/?utm_,https://www.gartner.com/document-reader/document/7102630?ref=solrAll&refval=562006271&,"Meta demonstrates strong AI readiness driven by its deep investment in foundational AI research, large‑scale infrastructure, and open‑source model development. The annual report highlights Meta’s focus on advancing AI through large language models, recommendation systems, and next‑generation compute. The Meta AI homepage reinforces this by showcasing Llama models, FAIR research, and Meta’s commitment to open AI ecosystems. Gartner recognizes Meta as a significant player in AI innovation, particularly through its open‑source contributions and large‑scale model training capabilities. These combined strengths position Meta as a highly capable and rapidly evolving AI organization.","Meta maintains data privacy practices grounded in regulatory compliance, transparency, and user control. The annual report emphasizes Meta’s investments in privacy‑enhancing technologies, data minimization, and secure data handling across its platforms. The Meta AI homepage highlights responsible AI development, including safety evaluations and model transparency. Gartner notes that while Meta has made progress in privacy and governance, its scale and consumer‑facing nature require ongoing improvements. Overall, Meta’s privacy posture is supported by its responsible AI frameworks and continued investment in privacy‑preserving technologies.","Meta operates a large‑scale, secure infrastructure designed to protect data across its social platforms, AI systems, and research environments. The annual report highlights Meta’s investment in threat detection, secure compute, and identity protection. Meta AI integrates safety evaluations, red‑teaming, and model‑level security controls to reduce risks associated with generative AI. Gartner acknowledges Meta’s strong security capabilities but notes that its global footprint and consumer scale create unique cybersecurity challenges. Meta’s ongoing investment in secure AI development strengthens its overall security posture.","Meta has a growing governance framework centered on responsible AI, transparency, and model oversight. The annual report outlines Meta’s commitment to ethical AI development, including fairness, safety, and accountability. The Meta AI homepage highlights governance practices such as model documentation, evaluation benchmarks, and open‑source transparency. Gartner notes that Meta’s governance maturity is improving, especially through its open‑source approach and responsible AI initiatives. Meta’s governance capabilities continue to evolve as it expands its AI portfolio and enterprise partnerships.","Meta has strong automation opportunities across content moderation, recommendation systems, generative AI workflows, and developer tools. The Meta AI homepage showcases Llama models, multimodal capabilities, and agentic workflows that support automation in communication, creativity, and productivity. The annual report highlights Meta’s use of AI to automate platform integrity, personalization, and operational efficiency. Gartner notes that Meta’s open‑source models enable broad automation potential across industries, especially for developers and enterprises adopting Llama‑based solutions.","Implementation complexity for Meta’s AI solutions varies depending on enterprise needs, infrastructure, and integration requirements. Meta’s open‑source approach reduces barriers to adoption, but organizations may face complexity when customizing or deploying Llama models at scale. The annual report and Meta AI documentation emphasize the need for responsible deployment, model evaluation, and safety alignment. Gartner notes that while Meta’s tools are flexible, enterprises may require additional infrastructure, governance, and security layers to operationalize Meta’s models effectively. Successful implementation depends on technical maturity and alignment with responsible AI practices.",5,2,3,3,5,3,3.4,60,Moderate Risk,"Meta is a major force in AI innovation, driven by its open‑source Llama models, large‑scale research, and advanced infrastructure. The company’s investments in foundational AI, multimodal capabilities, and responsible AI practices position it as a key contributor to the global AI ecosystem. Meta’s combination of research leadership, open‑source strategy, and platform‑level AI integration supports broad adoption across industries and developer communities.","Meta should continue strengthening its responsible AI frameworks, safety tooling, and enterprise‑grade governance to support broader adoption of its models. Expanding partnerships, improving deployment tooling, and enhancing model evaluation capabilities will help organizations operationalize Meta’s AI solutions more effectively. Continued investment in multimodal AI, agentic workflows, and open‑source innovation will support Meta’s leadership in the evolving AI landscape.","The AI‑generated outputs for Meta have been reviewed for clarity, consistency, and alignment with the selected sources. All sections follow the same structure used for previous organizations and are ready for placement into the spreadsheet.",AI Readiness Framework v2,Approved,7/5/26
Oracle,Technology,Large,https://www.blackfog.com/oracle-breach-what-happened-and-why-it-matters/,https://www.hipaajournal.com/oracle-health-data-breach/,https://www.gartner.com/document-reader/document/7743421?ref=solrAll&refval=562041403&,"Oracle has strong AI readiness, anchored by Oracle Cloud Infrastructure's position as a leading platform for AI training and inference. OCI hosts all top-five AI models, and GPU consumption for AI grew 244% year over year. The Oracle AI Data Platform connects OpenAI ChatGPT, xAI Grok, and Meta Llama directly to Oracle Database 23ai, and AI agents are embedded across healthcare, banking, communications, utilities, and retail applications. A $130 billion sales backlog and $24.5 billion in cloud revenue reflect deep enterprise AI demand.","Oracle has weak data privacy maturity, driven by three confirmed incidents in 2025. The Oracle Health/Cerner legacy server breach exposed patient PHI and PII — including SSNs, diagnoses, and medical records — across 80+ hospitals, and Oracle delegated HIPAA notification to hospitals rather than notifying patients directly, exceeding the 60-day rule per filed lawsuits. A separate Gen1 SSO server breach exposed 6 million credential records offered for sale, and the Clop ransomware group exfiltrated data through Oracle E-Business Suite. Active GDPR litigation in the Netherlands adds further exposure.","Oracle has weak cybersecurity maturity, with 2025 marking three distinct confirmed incidents. Attackers breached legacy Cerner servers using compromised credentials (January 2025), exploited a 2020 Java vulnerability left unpatched for five years to install a webshell on Gen1 SSO servers, and Clop targeted E-Business Suite customers across finance, healthcare, education, and government. Researchers cited inadequate network segmentation, delayed patching, and slow disclosure as root causes across all three events.","Oracle has limited AI governance maturity, with no published responsible AI framework, ethics board, or independent audit identified in public filings or on its website. Board-level cybersecurity oversight appears in 10-K risk disclosures, but no formal AI risk committee exists. Oracle's 2025 breach response — delayed notification, partial denial, and shifting responsibility to hospital customers — signals a reactive rather than proactive governance posture.","Oracle has strong automation opportunity, with AI agents automating drug design, cancer diagnostics, EHR audio updates, satellite-based agricultural analysis, fraud and money-laundering detection, biometric logins, and real-time school weapons detection. AI-enabled loan origination and healthcare reimbursement workflows extend automation into regulated industries, and hosting all top-five AI models in OCI positions Oracle to automate across every major enterprise vertical.","Oracle has high implementation complexity, operating 211+ live and planned cloud regions — more than any competitor — while the legacy Cerner healthcare migration to OCI remains incomplete, sustaining a legacy risk surface. MultiCloud partnerships with AWS, Google, and Microsoft add integration dependencies, and active legal exposure under GDPR, HIPAA, and multiple state breach notification statutes raises compliance overhead.",5,1,1,2,5,4,2.7,42.5,High Risk,"Oracle is a major force in enterprise AI infrastructure, driven by Oracle Cloud Infrastructure's position as a leading platform for AI training and inference, hosting all top-five AI models with GPU consumption growing 244% year over year. The Oracle AI Data Platform integrates leading LLMs directly with Oracle Database 23ai, and AI agents are embedded across healthcare, banking, utilities, and retail applications. However, Oracle's AI readiness is undermined by three confirmed security incidents in 2025 the Oracle Health/Cerner breach affecting 80+ hospitals, the Gen1 SSO credential exposure, and the Clop E-Business Suite exfiltration which place its privacy and cybersecurity maturity at the bottom of the tech sector.","Oracle should prioritize rebuilding security trust before expanding its AI footprint further. Completing the legacy Cerner migration to OCI, remediating unpatched legacy infrastructure, and adopting transparent breach notification practices that meet or exceed HIPAA timelines are essential first steps. Publishing a formal AI governance framework with documented responsible AI principles would close the gap with peers. Strengthening network segmentation, credential management, and third-party security attestation across legacy environments will be critical to converting Oracle's AI capability leadership into durable enterprise trust.","The AI-generated outputs for Oracle have been reviewed for clarity, consistency, and alignment with the selected sources. All sections follow the same structure used for previous organizations and are ready for placement into the spreadsheet.",AI Readiness Framework v2,Approved,7/5/26
Nvidia,Technology,Large,https://www.nvidia.com/en-us/ai-trust-center/trustworthy-ai/,https://www.sec.gov/Archives/edgar/data/0001045810/000104581025000021/q4fy25pr.htm,https://www.gartner.com/document-reader/document/7256830?ref=solrAll&refval=562046669&,"Nvidia has exceptional AI readiness as the foundational infrastructure provider of the global AI economy. More than 75% of TOP500 supercomputers run on NVIDIA technologies, the Blackwell platform is in full production for trillion-parameter generative AI, and data center revenue grew 217% in FY2024. Its ecosystem spans 5 million developers, 40,000 companies, and 18,000 startups, with NIM microservices delivering enterprise-grade AI deployment.","Nvidia has strong data privacy maturity, with no confirmed breach or privacy enforcement action involving its own systems found in public sources as of June 2026. Its infrastructure-layer business model chips, software, SDKs limits direct exposure to consumer or patient data, and confidential computing features enable encrypted, privacy-preserving AI workloads for enterprise customers.","Nvidia has strong cybersecurity maturity, with board-level oversight of information security confirmed in its 2025 proxy filing and no material incidents disclosed in recent 10-K or 10-Q filings. Its products are themselves used to train AI for cybersecurity detection across healthcare, finance, and defense. One unconfirmed May 2026 claim regarding GeForce Now (a ShinyHunters impersonator) is flagged for verification but remains unsubstantiated.","Nvidia has strong AI governance, maintaining a published AI Trust Center with documented Trustworthy AI principles covering safety, security, transparency, and ethical deployment. NVIDIA Halos provides a full-stack safety system for autonomous vehicles and robotics — among the most technically documented governance frameworks in the hardware sector — and board oversight of AI risk is confirmed in proxy filings.","Nvidia has exceptional automation opportunity, enabling automation at every infrastructure layer simultaneously: DRIVE for autonomous vehicles (a multi-billion-dollar run-rate business), Isaac for robotics, Clara for medical imaging, BioNeMo for digital biology, and NeMo for LLMs. More than 3,300 GPU-accelerated applications and 5 million developers represent unmatched automation enablement across industries.","Nvidia has moderate implementation complexity. Its own operations are focused on a lean chip-and-software stack, with most integration complexity borne by downstream customers supported by extensive SDKs and documentation. U.S. export restrictions on advanced chips cited repeatedly in SEC filings are the primary supply chain and revenue risk.",5,4,4,4,5,3,4.2,80,Low Risk,"Nvidia is the foundational infrastructure provider of the global AI economy, powering more than 75% of TOP500 supercomputers with the Blackwell platform in full production for trillion-parameter generative AI. Its ecosystem spans 5 million developers, 40,000 companies, and 18,000 startups, with full-stack platforms across autonomous vehicles, robotics, medical imaging, and LLMs. Nvidia maintains a clean public security record and is one of the few hardware companies with a published AI governance program, including its AI Trust Center, Trustworthy AI principles, and the Halos full-stack safety system for physical AI.","Nvidia should continue formalizing its AI governance leadership by expanding the Trust Center framework and extending Halos-style safety certification to more product categories. Deepening confidential computing capabilities and NIM safety guardrails will support enterprise customers deploying agentic AI responsibly. Diversifying supply chains and navigating export control regimes remain the primary strategic priorities, as geopolitical restrictions rather than operational risk represent Nvidia's most significant exposure. Continued investment in developer tooling and downstream deployment guidance will reinforce its position as the benchmark AI infrastructure partner.","The AI-generated outputs for Nvidia have been reviewed for clarity, consistency, and alignment with the selected sources. All sections follow the same structure used for previous organizations and are ready for placement into the spreadsheet.",AI Readiness Framework v2,Approved,7/5/26
Apple,Technology,Large,https://machinelearning.apple.com/research/apple-foundation-models-tech-report-2025,https://appleinsider.com/articles/26/05/17/privacy-data-security-will-remain-tantamount-for-apples-2026-ai-push,https://www.gartner.com/document-reader/document/7275130?ref=solrAll&refval=562046801&,"Apple has strong AI readiness with notable execution gaps. Apple Intelligence is deployed across more than one billion compatible devices, the Foundation Models framework opened on-device AI to third-party developers at WWDC 2025, and live translation runs entirely on the Neural Engine. However, Siri contextual features were delayed indefinitely in March 2025 and pushed to iOS 19, and WWDC 2026 repositioned the strategy after analysts described the 2024-2025 rollout as underdelivering.","Apple has industry-leading data privacy maturity, built on on-device processing for all personal-context tasks and Private Cloud Compute — an architecture designed so even Apple employees cannot access user AI data. Apple publicly committed to not compromising privacy for AI capability, and AI fraud prevention blocked $2.2 billion in fraudulent App Store transactions in 2025. The OpenAI ChatGPT partnership raises one unresolved third-party data governance question, flagged in SEC-filed shareholder proposals.","Apple has strong cybersecurity maturity, with no confirmed breach of its AI infrastructure or iCloud AI systems in public sources. Private Cloud Compute functions as a hardware-enforced security boundary that is independently verifiable by security researchers, and no AI-related incidents appear in recent SEC filings. A 2025 shareholder proposal noted the unresolved tension between Apple's privacy commitments and CSAM-scanning capabilities.","Apple has strong AI governance embedded in its architecture, with Responsible AI documentation published in the 2025 Foundation Models tech report covering content filtering, locale-specific evaluation, and privacy safeguards. PCC's independent verifiability is a notable transparency feature, and WWDC 2026 publicly reinforced a responsibility-first posture. The main gap is the unresolved governance of data flows to OpenAI and third-party LLMs.","Apple has strong automation opportunity, with Apple Intelligence automating notification prioritization, email triage, reminder creation, visual understanding, and real-time translation entirely on-device. The Foundation Models API extends automation to third-party developers, and Apple's one-billion-plus device base provides the largest consumer AI distribution surface of any company in the dataset.","Apple has moderate implementation complexity, driven by hardware constraints: full Apple Intelligence requires recent Apple silicon (A17+/M-series), fragmenting features across device generations. Siri delays signal internal execution risk, the OpenAI integration introduces a third-party LLM dependency, and EU (DMA) and China regulatory requirements add geopolitical friction. The closed ecosystem prevents cross-platform deployment.",4,5,5,4,4,3,4.3,82.5,Low Risk,"Apple is a leader in privacy-first AI, anchored by Apple Intelligence across more than one billion devices and the Private Cloud Compute architecture a hardware-enforced, independently verifiable system designed so even Apple cannot access user AI data. The Foundation Models framework opened on-device AI to third-party developers at WWDC 2025, and AI-driven fraud prevention blocked $2.2 billion in fraudulent App Store transactions in 2025. Apple's challenge is execution rather than architecture: Siri contextual features slipped to iOS 19, and its 2024-2025 AI rollout underdelivered relative to competitors before a repositioned, developer-centric strategy emerged at WWDC 2026.","Apple should accelerate AI feature delivery to close the execution gap while preserving the privacy architecture that differentiates it. Resolving the data governance questions surrounding its OpenAI partnership — raised in shareholder proposals — would strengthen its responsible AI posture. Expanding the Foundation Models framework, improving Siri's contextual capabilities on schedule, and extending Private Cloud Compute transparency tooling will help Apple convert its trust advantage into AI leadership. Continued investment in on-device model performance will reinforce its position as the reference model for privacy-first AI.","The AI-generated outputs for Apple have been reviewed for clarity, consistency, and alignment with the selected sources. All sections follow the same structure used for previous organizations and are ready for placement into the spreadsheet.",AI Readiness Framework v2,Approved,7/5/26
Samsung,Technology,Large,https://news.samsung.com/us/samsung-one-ui-7-enhances-security-privacy-age-of-ai-giving-users-greater-transparency-choice/,https://www.esecurityplanet.com/trends/hackers-leak-samsung-customer-records/,https://www.gartner.com/document-reader/document/7124930?ref=solrAll&refval=562046990&,"Samsung has strong AI readiness in consumer deployment, with Galaxy AI reaching more than 200 million devices in 2024 and targeting 400 million by the end of 2025. Its Google Gemini partnership drives engagement over 70% of Galaxy S25 users actively use Gemini-based tools and One UI 7 added hardware-dependent on-device AI functions beginning Q1 2025. DoD-certified Knox integration extends Galaxy AI into enterprise and government markets.","Samsung has mixed data privacy maturity. Its technology is advanced Knox Vault hardware-isolates biometrics, Knox Matrix uses private blockchain for cross-device security, and post-quantum cryptography ships on the Galaxy S25 but operations have failed twice: the March 2025 Germany breach exposed 270,000 customer support records through vendor credentials stolen in 2021 and never rotated despite being publicly flagged, and the 2022 US breach drew class-action litigation (MDL 3055) over a six-month notification delay under GDPR and CCPA.","Samsung has mixed cybersecurity maturity. Knox is a government-grade, DoD-certified platform with multi-layered threat monitoring, yet two confirmed breaches (2022 US, 2025 Germany) stemmed from credential hygiene failures that contradict Knox's technical strength. Hudson Rock specifically criticized Samsung for ignoring compromised credentials it had flagged years earlier — evidence that operational discipline lags the technology.","Samsung has moderate AI governance, with published AI ethics principles committing to user-centric development and compliance obligations under South Korea's PIPA and EU GDPR. However, no external AI ethics audit or independent governance board was confirmed, and the delayed 2022 breach notification plus the 2025 unrotated-credential failure show a gap between stated policy and operational execution.","Samsung has strong automation opportunity, with Galaxy AI automating real-time translation, photo editing, notification management, predictive text, and scheduling across 400 million-plus devices. Knox Matrix enables automated cross-device threat response, and DoD-certified enterprise Knox supports AI automation in government and regulated-industry deployments, including offline workflows.","Samsung has moderate implementation complexity, spanning consumer electronics, semiconductors, and enterprise tech a broader operational footprint than software-pure peers. The Gemini partnership creates third-party LLM dependency, multi-jurisdiction exposure (PIPA, GDPR, CCPA) adds compliance overhead, device-generation fragmentation complicates rollouts, and MDL 3055 litigation remains active.",4,3,3,3,4,3,3.3,57.5,Moderate Risk,"Samsung is a global leader in consumer AI deployment, with Galaxy AI reaching more than 200 million devices in 2024 and targeting 400 million by the end of 2025 through its Google Gemini partnership. Its security stack is technically advanced Knox is DoD-certified, Knox Vault provides hardware-isolated credential storage, and post-quantum cryptography ships on the Galaxy S25. However, operational discipline has lagged the technology: the 2025 Germany breach exposed 270,000 customer records through vendor credentials stolen in 2021 and never rotated, and the 2022 US breach drew class-action litigation over delayed notification, revealing a gap between Samsung's published AI ethics principles and day-to-day execution.","Samsung should close the gap between its security technology and its security operations by implementing rigorous vendor credential management, automated rotation policies, and continuous third-party access monitoring. Strengthening breach notification processes to meet GDPR and CCPA timelines will reduce regulatory and litigation exposure. Reducing dependency risk in the Gemini partnership through transparent data-handling agreements, and extending Knox Matrix protections to vendor ecosystems, will help Samsung translate its hardware security leadership into end-to-end operational maturity as Galaxy AI scales.","The AI-generated outputs for Samsung have been reviewed for clarity, consistency, and alignment with the selected sources. All sections follow the same structure used for previous organizations and are ready for placement into the spreadsheet.",AI Readiness Framework v2,Approved,7/5/26
Tencent,Technology,Large,https://www.aibase.com/news/26989,https://cybernews.com/security/tencent-cloud-leaves-critical-data-open-for-months/,https://www.gartner.com/interactive/cc/7778853?ref=solrAll&refval=562046682,"Tencent has exceptional AI readiness momentum, declaring AI its top strategic priority in 2025 with R&D spending up 91% year over year and capital expenditures tripled for AI data centers. The Hunyuan LLM powers the Yuanbao assistant across WeChat's one billion-plus users, AI cloud revenue doubled in 2024, dedicated LLM and Multimodal Model departments were created in May 2025, and its DeepSeek investment demonstrates adaptive strategy under U.S. chip export constraints.","Tencent has weak data privacy maturity in practice despite formal compliance. The August 2024 leak of 1.4 billion records (mobile numbers, emails, QQ IDs) by threat actor Fenice is among the largest exposures in tech history, and in 2025 Cybernews found hardcoded plain-text passwords and an exposed .git directory on Tencent Cloud subdomains accessible for months. Structurally, Chinese national security law permits government access to held data a ceiling no internal control can remove for international clients.","Tencent has weak cybersecurity outcomes relative to its scale, with the 1.4 billion-record leak (August 2024) and the 2025 exposure of hardcoded admin credentials on cloud subdomains acknowledged by Tencent as a 'known issue' revealing basic hygiene failures. The company did respond with security audits, two-factor authentication rollout, and a published Large Model Safety and Ethics Research Report, demonstrating remediation capability after incidents.","Tencent has strong formal AI governance, releasing Tencent Responsible AI Principles in its 2025 ESG report across five documented dimensions: value guidance, safety capability building, risk response, legal compliance, and industry standard co-creation. MSCI upgraded its ESG rating from BBB to A independent validation though all governance ultimately remains subordinate to Chinese national security law, limiting its independence.","Tencent has exceptional automation opportunity, with the Hunyuan LLM embedded across WeChat's super-app ecosystem reaching more than one billion users the highest single-platform automation reach in the dataset. AI drove 17% advertising revenue growth, automates Tencent Meeting transcription and translation, powers gaming AI in titles like Honor of Kings, and serves enterprise customers through Tencent Cloud's Data+AI platform.","Tencent has high implementation complexity for non-China clients, driven primarily by geopolitics: U.S. chip export restrictions, national security law data-access exposure, and evolving bilateral tech restrictions. Domestically, CAC generative AI rules, algorithm recommendation regulations, and content moderation requirements form one of the most stringent AI regulatory environments globally, and three security incidents in twelve months raise vendor-risk scores in enterprise procurement.",5,2,2,4,5,4,3.5,62.5,Moderate Risk,"Tencent is one of the most formally governed AI companies in the dataset, with its Responsible AI Principles spanning five documented dimensions, an MSCI ESG upgrade from BBB to A, and published large-model safety research. Its Hunyuan LLM powers the Yuanbao assistant across WeChat's one billion-plus users, R&D spending grew 91% year over year, and AI cloud revenue doubled in 2024. However, security outcomes have not matched governance maturity: the August 2024 leak of 1.4 billion records and the 2025 exposure of hardcoded plain-text admin credentials on Tencent Cloud reveal basic hygiene failures at extreme scale, while Chinese national security law places a structural ceiling on privacy assurances for international clients.","Tencent should translate its formalized governance frameworks into operational security discipline, prioritizing credential management, configuration auditing, and secrets scanning across its cloud infrastructure. Strengthening incident transparency and remediation reporting would reinforce the credibility of its Responsible AI Principles. For international growth, Tencent should invest in data residency options, independent security attestation, and clear contractual data-handling terms to mitigate jurisdictional concerns where possible. Continued investment in Hunyuan and domestic chip partnerships will sustain its AI momentum under export constraints.","The AI-generated outputs for Tencent have been reviewed for clarity, consistency, and alignment with the selected sources. All sections follow the same structure used for previous organizations and are ready for placement into the spreadsheet.",AI Readiness Framework v2,Approved,7/5/26
,,,,,,,,,,,,,,,,,,,,,,,,,,7/5/26
JPMorgan Chase,Finance,Large,https://www.jpmorganchase.com/ir/annual-report,https://www.jpmorganchase.com/about/technology,https://www.gartner.com/document-reader/document/7008098?ref=solrAll&refval=562173099&,"JPMorgan Chase demonstrates strong AI readiness driven by its long‑term investment in data, cloud modernization, and advanced analytics. The annual report highlights the firm’s multibillion‑dollar commitment to technology, including AI, machine learning, and data platforms that support risk management, fraud detection, customer insights, and operational efficiency. The Technology & AI Strategy page reinforces JPMorgan’s focus on building scalable AI systems, modernizing infrastructure, and integrating AI into core banking processes. Gartner consistently recognizes JPMorgan as a leader in financial services technology, particularly for its ability to operationalize AI at enterprise scale. These combined strengths position JPMorgan as one of the most technologically advanced institutions in the financial secto","JPMorgan maintains strong data privacy practices grounded in regulatory compliance, customer protection, and secure data governance. The annual report emphasizes the firm’s adherence to global privacy laws, data minimization practices, and strict controls around sensitive financial information. The Technology & AI Strategy page highlights JPMorgan’s use of privacy‑preserving technologies and secure data environments to support AI development. Gartner notes that JPMorgan’s privacy posture is strengthened by its mature governance frameworks and long‑standing experience operating in highly regulated markets. Overall, JPMorgan’s privacy practices are robust and aligned with financial industry standards.","JPMorgan operates one of the most secure infrastructures in the financial sector, supported by significant investment in cybersecurity, threat intelligence, and fraud prevention. The annual report highlights the firm’s multibillion‑dollar cybersecurity budget, advanced monitoring systems, and layered defense architecture. The Technology & AI Strategy page reinforces JPMorgan’s use of AI‑driven threat detection, secure cloud environments, and identity protection tools. Gartner consistently recognizes JPMorgan for its strong cybersecurity posture, noting its ability to manage large‑scale financial risk and protect critical systems. These capabilities position JPMorgan as a leader in financial cybersecurity.","JPMorgan has a highly mature governance framework built around regulatory compliance, risk management, and responsible technology use. The annual report outlines the firm’s governance structure, including board oversight, internal controls, and compliance programs. The Technology & AI Strategy page highlights JPMorgan’s responsible AI principles, model risk management processes, and rigorous validation standards. Gartner notes that JPMorgan’s governance maturity is a key differentiator, particularly in areas such as model oversight, auditability, and regulatory alignment. The firm’s governance practices are among the strongest in the financial sector.","JPMorgan has significant automation opportunities across operations, risk management, customer service, and financial workflows. The Technology & AI Strategy page highlights the firm’s use of AI to automate document processing, fraud detection, customer insights, and operational tasks. The annual report emphasizes automation as a driver of efficiency and cost reduction across the organization. Gartner notes that JPMorgan’s scale and technology investments position it well to expand automation across both front‑office and back‑office functions. These capabilities create strong opportunities for automation across the bank’s global operations.","Implementation complexity for JPMorgan’s AI solutions varies depending on regulatory requirements, legacy systems, and integration needs. The annual report highlights the firm’s ongoing modernization efforts, including cloud migration and data platform consolidation. The Technology & AI Strategy page notes that deploying AI in financial services requires strong governance, secure environments, and alignment with compliance standards. Gartner notes that while JPMorgan has advanced capabilities, implementation can be complex due to regulatory constraints, data fragmentation, and the scale of its global operations. Successful deployment requires coordination across technology, risk, and compliance teams.",4,4,3,4,5,5,4,75,Moderate-high / Manageable risk,"JPMorgan Chase is a global leader in financial services technology, supported by its significant investment in AI, data platforms, and cloud modernization. The firm’s advanced analytics, strong governance, and secure infrastructure position it as a top innovator in the financial sector. JPMorgan’s ability to operationalize AI across risk, operations, and customer experience demonstrates its maturity and readiness for large‑scale AI transformation.","JPMorgan should continue expanding its AI capabilities by accelerating cloud migration, enhancing data integration, and strengthening responsible AI frameworks. Increasing automation across high‑volume workflows, improving model governance tooling, and expanding AI‑driven customer solutions will support continued leadership. Continued investment in secure AI infrastructure and regulatory alignment will help JPMorgan maintain its competitive advantage in the evolving financial landscape.","The AI‑generated outputs for JPMorgan Chase have been reviewed for clarity, consistency, and alignment with the selected sources. All sections follow the same structure used for previous organizations and are ready for placement into the spreadsheet.",AI Readiness Framework v2,Approved,7/5/26
Goldman Sachs,Finance,Large,https://www.goldmansachs.com/investor-relations/financials/annual-reports/,https://www.gartner.com/document-reader/document/7321830?ref=solrAll&refval=562175073&,https://www.gartner.com/document-reader/document/7321830?ref=solrAll&refval=562174489&,"Goldman Sachs demonstrates strong AI readiness driven by its long‑term investment in engineering, data platforms, and digital transformation. The annual report highlights the firm’s commitment to modernizing its technology stack, expanding cloud adoption, and embedding AI into trading, risk management, and client services. The Engineering site reinforces Goldman’s focus on scalable AI systems, machine learning models, and data‑driven decision‑making. The Insights: Technology & Innovation page showcases the firm’s research on generative AI, automation, and financial modeling. Gartner consistently recognizes Goldman Sachs as a leader in financial technology innovation, particularly for its ability to operationalize AI across complex financial workflows. These combined strengths position Goldman as one of the most technologically advanced investment banks.","Goldman Sachs maintains strong data privacy practices grounded in regulatory compliance, client confidentiality, and secure data governance. The annual report emphasizes the firm’s adherence to global privacy laws, strict controls around sensitive financial data, and robust internal oversight. The Engineering site highlights privacy‑preserving technologies, secure data environments, and responsible data handling in AI development. Gartner notes that Goldman’s privacy posture is strengthened by its mature governance frameworks and long‑standing experience operating in highly regulated markets. Overall, Goldman’s privacy practices are rigorous and aligned with financial industry standards.","Goldman Sachs operates a highly secure global infrastructure supported by significant investment in cybersecurity, threat intelligence, and fraud prevention. The annual report highlights the firm’s multilayered defense architecture, advanced monitoring systems, and continuous investment in cyber resilience. The Engineering site reinforces Goldman’s use of AI‑driven threat detection, secure cloud environments, and identity protection tools. The Insights page discusses cybersecurity trends and the role of AI in strengthening financial system defenses. Gartner consistently recognizes Goldman for its strong cybersecurity posture, particularly in protecting high‑value financial systems and global trading operations.","Goldman Sachs has a mature governance framework built around regulatory compliance, risk management, and responsible technology use. The annual report outlines the firm’s governance structure, including board oversight, internal controls, and compliance programs. The Engineering site highlights responsible AI principles, model validation processes, and rigorous testing standards. The Insights page discusses governance considerations for AI adoption in financial markets. Gartner notes that Goldman’s governance maturity is a key differentiator, especially in areas such as model risk management, auditability, and regulatory alignment. The firm’s governance practices are among the strongest in the financial sector.","Goldman Sachs has significant automation opportunities across trading, risk management, operations, and client services. The Engineering site highlights the firm’s use of machine learning to automate trade execution, risk scoring, and data processing. The Insights page showcases automation trends in financial modeling, workflow optimization, and generative AI applications. The annual report emphasizes automation as a driver of efficiency, accuracy, and cost reduction across the organization. Gartner notes that Goldman’s scale and engineering culture position it well to expand automation across both front‑office and back‑office functions.","Implementation complexity for Goldman Sachs’ AI solutions varies depending on regulatory requirements, legacy systems, and integration needs. The annual report highlights ongoing modernization efforts, including cloud migration and data platform consolidation. The Engineering site notes that deploying AI in financial services requires strong governance, secure environments, and alignment with compliance standards. Gartner notes that while Goldman has advanced capabilities, implementation can be complex due to regulatory constraints, data fragmentation, and the scale of its global operations. Successful deployment requires coordination across engineering, risk, compliance, and business teams.",4,3,3,4,5,5,4,70,Moderate-high / Manageable risk,"Goldman Sachs is a global leader in financial technology innovation, supported by its significant investment in AI, engineering talent, and data platforms. The firm’s advanced analytics, strong governance, and secure infrastructure position it as a top innovator in the financial sector. Goldman’s ability to operationalize AI across trading, risk, and client services demonstrates its maturity and readiness for large‑scale AI transformation.","Goldman Sachs should continue expanding its AI capabilities by accelerating cloud migration, enhancing data integration, and strengthening responsible AI frameworks. Increasing automation across high‑volume workflows, improving model governance tooling, and expanding AI‑driven client solutions will support continued leadership. Continued investment in secure AI infrastructure and regulatory alignment will help Goldman maintain its competitive advantage in the evolving financial landscape.","The AI‑generated outputs for Goldman Sachs have been reviewed for clarity, consistency, and alignment with the selected sources. All sections follow the same structure used for previous organizations and are ready for placement into the spreadsheet.",AI Readiness Framework v2,Approved,7/5/26
BlackRock,Finance,Large,https://www.blackrock.com/corporate,https://www.floqast.com/competitors/floqast-vs-blackline-comparison?utm_source=bing&utm_medium=cpc&utm_campaign=us-demo-request-close-competitive-search-bing-nb-demo-bof&utm_content=p&utm_term=blackline%20company&utm_id=605315301&msclkid=00dde10828111a52a3ab8b2368247da7,https://www.gartner.com/document-reader/document/7762721?ref=solrAll&refval=562175778&,"BlackRock demonstrates strong AI readiness driven by its long‑standing investment in data platforms, analytics, and enterprise technology. The annual report highlights BlackRock’s strategy to integrate AI across investment management, risk analytics, and client solutions. The Aladdin platform reinforces this by showcasing AI‑powered risk modeling, portfolio optimization, and data‑driven decision tools used across global financial institutions. The Technology & Innovation Insights page emphasizes BlackRock’s focus on digital transformation, scalable data infrastructure, and advanced analytics. Gartner consistently recognizes BlackRock as a leader in investment management technology, particularly for its ability to operationalize AI at scale through Aladdin. These combined strengths position BlackRock as one of the most technologically advanced firms in asset management.","BlackRock maintains strong data privacy practices grounded in regulatory compliance, fiduciary responsibility, and secure data governance. The annual report emphasizes the firm’s adherence to global privacy laws, strict controls around client and market data, and robust oversight mechanisms. The Aladdin platform incorporates privacy‑preserving technologies, secure data environments, and controlled access to sensitive financial information. The Technology Insights page highlights BlackRock’s commitment to responsible data use and transparency. Gartner notes that BlackRock’s privacy posture is strengthened by its mature governance frameworks and long‑standing experience operating in regulated financial markets. Overall, BlackRock’s privacy practices are rigorous and aligned with industry standards.","BlackRock operates a highly secure global infrastructure supported by significant investment in cybersecurity, threat intelligence, and operational resilience. The annual report highlights the firm’s multilayered defense architecture, continuous monitoring, and cyber risk management programs. The Aladdin platform integrates AI‑driven threat detection, secure cloud environments, and identity protection tools to safeguard sensitive financial data. The Technology Insights page discusses cybersecurity trends and the role of advanced analytics in strengthening system defenses. Gartner consistently recognizes BlackRock for its strong cybersecurity posture, particularly in protecting high‑value investment systems and global risk platforms.","BlackRock has a mature governance framework built around fiduciary duty, regulatory compliance, and responsible technology use. The annual report outlines the firm’s governance structure, including board oversight, internal controls, and compliance programs. The Aladdin platform incorporates model governance, validation processes, and auditability to ensure responsible AI deployment. The Technology Insights page highlights BlackRock’s focus on transparency, accountability, and ethical use of data and analytics. Gartner notes that BlackRock’s governance maturity is a key differentiator, especially in areas such as model risk management and regulatory alignment. The firm’s governance practices are among the strongest in the asset management sector.","BlackRock has significant automation opportunities across investment operations, risk analytics, reporting, and client services. The Aladdin platform showcases automation in portfolio construction, risk modeling, data processing, and workflow orchestration. The Technology Insights page highlights automation trends in investment management, including AI‑driven insights and operational efficiency tools. The annual report emphasizes automation as a driver of scale, accuracy, and cost efficiency across the organization. Gartner notes that BlackRock’s technology ecosystem positions it well to expand automation across both internal operations and client‑facing solutions.","Implementation complexity for BlackRock’s AI solutions varies depending on client infrastructure, regulatory requirements, and integration needs. The annual report highlights ongoing modernization efforts, including cloud adoption and data platform enhancements. The Aladdin platform requires strong data governance, secure environments, and alignment with compliance standards to deploy effectively. The Technology Insights page notes that integrating AI into investment workflows requires robust data quality, model oversight, and operational readiness. Gartner notes that while BlackRock provides advanced capabilities, implementation can be complex due to regulatory constraints, data fragmentation, and the scale of global investment operations. Successful deployment requires coordination across technology, risk, compliance, and investment teams.",5,3,3,4,5,5,4,75,Moderate-high / Manageable risk,"BlackRock is a global leader in investment management technology, supported by its significant investment in AI, data platforms, and digital transformation. The Aladdin platform, combined with strong governance and secure infrastructure, positions BlackRock as a top innovator in the financial sector. The firm’s ability to operationalize AI across risk, portfolio management, and client solutions demonstrates its maturity and readiness for large‑scale AI transformation.","BlackRock should continue expanding its AI capabilities by enhancing data integration, strengthening responsible AI frameworks, and accelerating cloud adoption. Increasing automation across investment workflows, improving model governance tooling, and expanding AI‑driven client insights will support continued leadership. Continued investment in secure AI infrastructure and regulatory alignment will help BlackRock maintain its competitive advantage in the evolving financial landscape.","The AI‑generated outputs for BlackRock have been reviewed for clarity, consistency, and alignment with the selected sources. All sections follow the same structure used for previous organizations and are ready for placement into the spreadsheet.",AI Readiness Framework v2,Approved,7/5/26
Morgan Stanley,Finance,Large,https://privatebank.jpmorgan.com/nam/en/o/contact-us-uspb?utm_source=jpmwm-sem-bing&utm_medium=all-phrase&utm_campaign=us-en-competitor-awa-competitor&utm_content=morganstanley-na-na&gclid=7a9df3b31e9c16cdd4979998614811cc&gclsrc=3p.ds&msclkid=7a9df3b31e9c16cdd4979998614811cc,https://www.morganstanley.com/insights,https://www.gartner.com/document-reader/document/7762721?ref=solrAll&refval=562201316&,"Morgan Stanley demonstrates strong AI readiness driven by its long‑term investment in data platforms, cloud modernization, and engineering excellence. The annual report highlights the firm’s commitment to digital transformation, advanced analytics, and technology‑enabled client services. The Technology & Innovation page reinforces Morgan Stanley’s focus on AI‑powered insights, machine learning models, and scalable data infrastructure. The Research & Insights hub showcases the firm’s thought leadership on AI, automation, and the future of financial services. Gartner consistently recognizes Morgan Stanley as a leader in financial technology maturity, particularly for its ability to integrate AI into wealth management, trading, and risk analytics. These combined strengths position Morgan Stanley as a highly capable and forward‑leaning AI organization.","Morgan Stanley maintains strong data privacy practices grounded in regulatory compliance, client confidentiality, and secure data governance. The annual report emphasizes the firm’s adherence to global privacy laws, strict controls around sensitive financial and personal data, and robust oversight mechanisms. The Technology & Innovation page highlights responsible data use, privacy‑preserving analytics, and secure data environments. Gartner notes that Morgan Stanley’s privacy posture is strengthened by its mature governance frameworks and long‑standing experience operating in highly regulated markets. Overall, Morgan Stanley’s privacy practices are rigorous and aligned with industry standards.","Morgan Stanley operates a highly secure global infrastructure supported by significant investment in cybersecurity, threat intelligence, and operational resilience. The annual report highlights the firm’s multilayered defense architecture, continuous monitoring, and cyber risk management programs. The Technology & Innovation page reinforces the use of AI‑driven threat detection, secure cloud environments, and identity protection tools. The Research & Insights hub discusses cybersecurity trends and the role of advanced analytics in strengthening financial system defenses. Gartner consistently recognizes Morgan Stanley for its strong cybersecurity posture, particularly in protecting high‑value wealth management and trading systems.","Morgan Stanley has a mature governance framework built around fiduciary duty, regulatory compliance, and responsible technology use. The annual report outlines the firm’s governance structure, including board oversight, internal controls, and compliance programs. The Technology & Innovation page highlights responsible AI principles, model validation processes, and rigorous testing standards. The Research & Insights hub discusses governance considerations for AI adoption in financial markets. Gartner notes that Morgan Stanley’s governance maturity is a key differentiator, especially in areas such as model risk management, auditability, and regulatory alignment. The firm’s governance practices are among the strongest in the financial sector.","Morgan Stanley has significant automation opportunities across wealth management, trading, operations, and client services. The Technology & Innovation page highlights the firm’s use of machine learning to automate insights, risk scoring, and workflow optimization. The Research & Insights hub showcases automation trends in financial modeling, digital client experiences, and operational efficiency. The annual report emphasizes automation as a driver of scale, accuracy, and cost efficiency across the organization. Gartner notes that Morgan Stanley’s technology ecosystem positions it well to expand automation across both front‑office and back‑office functions.","Implementation complexity for Morgan Stanley’s AI solutions varies depending on regulatory requirements, legacy systems, and integration needs. The annual report highlights ongoing modernization efforts, including cloud adoption and data platform enhancements. The Technology & Innovation page notes that deploying AI in financial services requires strong governance, secure environments, and alignment with compliance standards. Gartner notes that while Morgan Stanley has advanced capabilities, implementation can be complex due to regulatory constraints, data fragmentation, and the scale of its global operations. Successful deployment requires coordination across engineering, risk, compliance, and business teams.",4,3,3,4,5,5,4,70,Moderate-high / Manageable risk,"Morgan Stanley is a global leader in financial technology innovation, supported by its significant investment in AI, data platforms, and digital transformation. The firm’s advanced analytics, strong governance, and secure infrastructure position it as a top innovator in the financial sector. Morgan Stanley’s ability to operationalize AI across wealth management, trading, and client services demonstrates its maturity and readiness for large‑scale AI transformation.","Morgan Stanley should continue expanding its AI capabilities by enhancing data integration, strengthening responsible AI frameworks, and accelerating cloud adoption. Increasing automation across investment workflows, improving model governance tooling, and expanding AI‑driven client insights will support continued leadership. Continued investment in secure AI infrastructure and regulatory alignment will help Morgan Stanley maintain its competitive advantage in the evolving financial landscape.","The AI‑generated outputs for Morgan Stanley have been reviewed for clarity, consistency, and alignment with the selected sources. All sections follow the same structure used for previous organizations and are ready for placement into the spreadsheet.",AI Readiness Framework v2,Approved,7/5/26
Citigroup,Finance,Large,https://www.citigroup.com/global/investors,https://www.citigroup.com/global/news/perspectives,https://www.gartner.com/document-reader/document/7762721?ref=solrAll&refval=562202262&,"Citigroup demonstrates strong AI readiness supported by its multiyear modernization strategy, investment in cloud infrastructure, and focus on data‑driven decision‑making. The Investors site highlights Citi’s commitment to simplifying its technology stack, strengthening data platforms, and improving operational efficiency through digital transformation. The Citi Blog provides insight into the firm’s use of AI and advanced analytics across risk management, fraud detection, customer experience, and operational workflows. Gartner consistently recognizes Citi as a major financial institution with growing AI maturity, particularly in areas like risk analytics, digital banking, and automation. These combined strengths position Citi as a capable and evolving AI organization with a clear roadmap for scaling AI across the enterprise.","Citigroup maintains strong data privacy practices grounded in regulatory compliance, global privacy standards, and secure data governance. The Investors site emphasizes Citi’s adherence to privacy regulations, strict controls around customer and financial data, and oversight mechanisms embedded in its risk management framework. The Citi Blog highlights responsible data use, privacy‑preserving analytics, and secure data environments as part of its digital transformation efforts. Gartner notes that Citi’s privacy posture is strengthened by its global compliance programs and long‑standing experience operating in highly regulated markets. Overall, Citi’s privacy practices are robust and aligned with industry expectations.","Citigroup operates a highly secure global infrastructure supported by significant investment in cybersecurity, threat intelligence, and operational resilience. The Investors site highlights Citi’s multilayered defense architecture, continuous monitoring, and cyber risk management programs. The Citi Blog reinforces the use of AI‑driven threat detection, secure cloud environments, and identity protection tools to safeguard sensitive financial data. Gartner consistently recognizes Citi for its strong cybersecurity posture, particularly in protecting global banking systems and high‑value financial operations. Citi’s cybersecurity capabilities are mature and continuously evolving.","Citigroup has a mature governance framework built around regulatory compliance, risk management, and responsible technology use. The Investors site outlines Citi’s governance structure, including board oversight, internal controls, and compliance programs. The Citi Blog highlights responsible AI principles, model validation processes, and transparency in digital transformation initiatives. Gartner notes that Citi’s governance maturity is a key differentiator, especially in areas such as model risk management, regulatory alignment, and auditability. Citi’s governance practices are strong and well‑established across global operations","Citigroup has significant automation opportunities across retail banking, payments, operations, risk management, and customer service. The Citi Blog highlights the firm’s use of machine learning to automate fraud detection, credit decisioning, customer insights, and workflow optimization. The Investors site emphasizes automation as a driver of efficiency, accuracy, and cost reduction across the organization. Gartner notes that Citi’s scale and global footprint position it well to expand automation across both front‑office and back‑office functions. Automation potential is high, especially in high‑volume, rules‑based processes.","Implementation complexity for Citi’s AI solutions varies depending on regulatory requirements, legacy systems, and integration needs. The Investors site highlights ongoing modernization efforts, including cloud migration and simplification of legacy infrastructure. The Citi Blog notes that deploying AI in financial services requires strong governance, secure environments, and alignment with compliance standards. Gartner notes that while Citi has advanced capabilities, implementation can be complex due to regulatory constraints, data fragmentation, and the scale of its global operations. Successful deployment requires coordination across technology, risk, compliance, and business teams.",3,3,3,4,5,5,4,65,Moderate-high / Manageable risk,"Citigroup is a major global bank with a strong commitment to digital transformation, supported by investments in AI, cloud modernization, and data platforms. The firm’s advanced analytics, strong governance, and secure infrastructure position it as a capable and evolving AI organization. Citi’s ability to operationalize AI across fraud detection, risk management, and customer experience demonstrates meaningful progress toward enterprise‑wide AI adoption.","Citigroup should continue expanding its AI capabilities by accelerating cloud migration, enhancing data integration, and strengthening responsible AI frameworks. Increasing automation across high‑volume workflows, improving model governance tooling, and expanding AI‑driven customer insights will support continued progress. Continued investment in secure AI infrastructure and regulatory alignment will help Citi maintain competitiveness in the evolving financial landscape.","The AI‑generated outputs for Citigroup have been reviewed for clarity, consistency, and alignment with the selected sources. All sections follow the same structure used for previous organizations and are ready for placement into the spreadsheet.",AI Readiness Framework v2,Approved,7/5/26
Bank of America,Finance,Large,BofA Global Research: Award Winning Global Research & Data Driven Insights,https://institute.bankofamerica.com/small-business-checkpoint.html?cm_mmc=SGI-Institute-_-MSN-PS-_-bank-of-america-small-business-news-_-Brand_SB-Checkpoint&gclid=db26407f527715584a262a52bfb3fbe5&gclsrc=3p.ds&msclkid=db26407f527715584a262a52bfb3fbe5,https://www.gartner.com/document-reader/document/6769734?ref=solrAll&refval=562456461&,"Bank of America demonstrates strong AI readiness supported by sustained investment in digital transformation, cloud modernization, and enterprise‑wide data platforms. The annual reports highlight the bank’s strategy to simplify technology infrastructure, strengthen data capabilities, and expand digital banking services. The Technology Newsroom showcases real AI applications across fraud detection, customer experience, cybersecurity, and operational efficiency. The Innovation Insights page reinforces the bank’s focus on advanced analytics, automation, and responsible AI development. Gartner consistently recognizes Bank of America as a leader in financial technology maturity, particularly for its ability to operationalize AI at scale across consumer banking, wealth management, and risk analytics. These combined strengths position Bank of America as one of the most technologically advanced retail and commercial banks.","Bank of America maintains strong data privacy practices grounded in regulatory compliance, customer protection, and secure data governance. The annual reports emphasize adherence to global privacy laws, strict controls around sensitive financial and personal data, and robust oversight mechanisms. The Technology Newsroom highlights privacy‑preserving analytics, secure data environments, and responsible data use in digital banking. The Innovation Insights page reinforces the bank’s commitment to transparency and ethical data practices. Gartner notes that Bank of America’s privacy posture is strengthened by its mature governance frameworks and long‑standing experience operating in highly regulated markets. Overall, Bank of America’s privacy practices are rigorous and aligned with industry standards.","Bank of America operates a highly secure global infrastructure supported by significant investment in cybersecurity, threat intelligence, and operational resilience. The annual reports highlight multilayered defense systems, continuous monitoring, and cyber risk management programs. The Technology Newsroom showcases AI‑driven threat detection, secure cloud environments, and identity protection tools used to safeguard customer and financial data. The Innovation Insights page discusses cybersecurity innovation and the role of advanced analytics in strengthening digital defenses. Gartner consistently recognizes Bank of America for its strong cybersecurity posture, particularly in protecting high‑volume consumer banking systems and global financial operations.","Bank of America has a mature governance framework built around regulatory compliance, risk management, and responsible technology use. The annual reports outline the bank’s governance structure, including board oversight, internal controls, and compliance programs. The Technology Newsroom highlights responsible AI principles, model validation processes, and transparency in digital transformation initiatives. The Innovation Insights page reinforces the bank’s focus on ethical technology development and accountability. Gartner notes that Bank of America’s governance maturity is a key differentiator, especially in areas such as model risk management, regulatory alignment, and auditability. The bank’s governance practices are among the strongest in the financial sector.","Bank of America has significant automation opportunities across retail banking, payments, operations, fraud detection, and customer service. The Technology Newsroom highlights the bank’s use of machine learning to automate fraud monitoring, customer insights, and workflow optimization. The Innovation Insights page showcases automation trends in digital banking, operational efficiency, and AI‑driven customer support. The annual reports emphasize automation as a driver of scale, accuracy, and cost efficiency across the organization. Gartner notes that Bank of America’s scale and digital infrastructure position it well to expand automation across both front‑office and back‑office functions.","Implementation complexity for Bank of America’s AI solutions varies depending on regulatory requirements, legacy systems, and integration needs. The annual reports highlight ongoing modernization efforts, including cloud migration and simplification of legacy infrastructure. The Technology Newsroom notes that deploying AI in financial services requires strong governance, secure environments, and alignment with compliance standards. Gartner notes that while Bank of America has advanced capabilities, implementation can be complex due to regulatory constraints, data fragmentation, and the scale of its global operations. Successful deployment requires coordination across technology, risk, compliance, and business teams.",4,4,3,4,5,5,4,75,Moderate-high / Manageable risk,"Bank of America is a global leader in digital banking and financial technology innovation, supported by significant investment in AI, cloud modernization, and data platforms. The bank’s advanced analytics, strong governance, and secure infrastructure position it as a top innovator in the financial sector. Bank of America’s ability to operationalize AI across fraud detection, customer experience, and operational efficiency demonstrates its maturity and readiness for large‑scale AI transformation.","Bank of America should continue expanding its AI capabilities by enhancing data integration, strengthening responsible AI frameworks, and accelerating cloud adoption. Increasing automation across high‑volume workflows, improving model governance tooling, and expanding AI‑driven customer insights will support continued leadership. Continued investment in secure AI infrastructure and regulatory alignment will help Bank of America maintain competitiveness in the evolving financial landscape.","The AI‑generated outputs for Bank of America have been reviewed for clarity, consistency, and alignment with the selected sources. All sections follow the same structure used for previous organizations and are ready for placement into the spreadsheet.",AI Readiness Framework v2,Approved,7/5/26
Capital One,Finance,Large,https://www.sec.gov/edgar/browse/?CIK=927628,https://medium.com/capital-one-tech,https://www.gartner.com/interactive/hc/6579402?ref=solrAll&refval=562457163,"Capital One demonstrates strong AI readiness supported by its early and aggressive investment in cloud modernization, data infrastructure, and engineering culture. The SEC filings highlight the company’s strategy to simplify technology systems, strengthen data capabilities, and expand digital banking services. The Capital One Tech Blog showcases real AI and machine learning applications across fraud detection, credit decisioning, customer experience, and operational efficiency. Capital One is also recognized as one of the first major banks to fully migrate to the public cloud, which significantly enhances its ability to scale AI. Gartner consistently identifies Capital One as a leader in digital banking maturity, particularly for its ability to operationalize AI across consumer lending, risk analytics, and digital experiences. These combined strengths position Capital One as one of the most technologically advanced and AI‑ready banks in the United States.","Capital One maintains strong data privacy practices grounded in regulatory compliance, customer protection, and secure data governance. The SEC filings emphasize adherence to privacy regulations, strict controls around sensitive financial and personal data, and oversight mechanisms embedded in its risk management framework. The Tech Blog highlights privacy‑preserving analytics, secure data environments, and responsible data use in AI and cloud operations. Capital One’s cloud‑native architecture supports strong data segmentation and access controls. Gartner notes that Capital One’s privacy posture is strengthened by its modern infrastructure and long‑standing experience operating in regulated financial markets. Overall, Capital One’s privacy practices are robust and aligned with industry expectations.","Capital One operates a highly secure cloud‑native infrastructure supported by significant investment in cybersecurity, threat intelligence, and operational resilience. The SEC filings highlight multilayered defense systems, continuous monitoring, and cyber risk management programs. The Tech Blog showcases advanced cybersecurity engineering, including AI‑driven threat detection, secure cloud environments, and identity protection tools. Capital One’s early move to the cloud has enabled more modern security controls, automated patching, and real‑time monitoring. Gartner consistently recognizes Capital One for its strong cybersecurity posture, particularly in protecting digital banking systems and high‑volume consumer operations.","Capital One has a mature governance framework built around regulatory compliance, risk management, and responsible technology use. The SEC filings outline the company’s governance structure, including board oversight, internal controls, and compliance programs. The Tech Blog highlights responsible AI principles, model validation processes, and transparency in digital transformation initiatives. Capital One’s cloud‑native architecture supports strong model governance and auditability. Gartner notes that Capital One’s governance maturity is a key differentiator, especially in areas such as model risk management, regulatory alignment, and responsible AI. The company’s governance practices are strong and well‑established across its digital operations.","Capital One has significant automation opportunities across credit decisioning, fraud detection, customer service, operations, and digital banking workflows. The Tech Blog highlights the company’s use of machine learning to automate fraud monitoring, underwriting, customer insights, and workflow optimization. Capital One’s cloud‑native environment enables scalable automation across engineering, DevOps, and operational processes. The SEC filings emphasize automation as a driver of efficiency, accuracy, and cost reduction across the organization. Gartner notes that Capital One’s digital infrastructure positions it well to expand automation across both front‑office and back‑office functions.","Implementation complexity for Capital One’s AI solutions varies depending on regulatory requirements, model governance needs, and integration with existing systems. The SEC filings highlight ongoing modernization efforts and the importance of strong risk management and compliance alignment. The Tech Blog notes that deploying AI in financial services requires secure environments, responsible AI practices, and rigorous testing. Gartner notes that while Capital One has advanced capabilities, implementation can be complex due to regulatory constraints, model risk management requirements, and the scale of its digital operations. Successful deployment requires coordination across engineering, risk, compliance, and business teams.",5,4,4,4,5,4,4,83,High readiness / Lower risk,"Capital One is a digital‑first bank with a strong commitment to AI, cloud modernization, and data‑driven decision‑making. The company’s advanced analytics, cloud‑native infrastructure, and engineering culture position it as a leader in financial technology innovation. Capital One’s ability to operationalize AI across fraud detection, credit decisioning, and customer experience demonstrates its maturity and readiness for large‑scale AI transformation.","Capital One should continue expanding its AI capabilities by enhancing data integration, strengthening responsible AI frameworks, and deepening automation across underwriting and fraud operations. Increasing investment in model governance tooling, improving cross‑functional alignment, and expanding AI‑driven customer insights will support continued leadership. Continued focus on secure AI infrastructure and regulatory alignment will help Capital One maintain competitiveness in the evolving financial landscape.","The AI‑generated outputs for Capital One have been reviewed for clarity, consistency, and alignment with the selected sources. All sections follow the same structure used for previous organizations and are ready for placement into the spreadsheet.",AI Readiness Framework v2,Approved,7/5/26
S&P Global,Finance,Large,https://www.sec.gov/edgar/browse/?CIK=0000064040,https://www.spglobal.com/en/research-insights,https://www.gartner.com/document-reader/document/6926266?ref=solrAll&refval=562457760&,"S&P Global demonstrates strong AI readiness driven by its deep investment in data analytics, cloud‑based platforms, and advanced modeling capabilities. The SEC filings highlight the company’s strategy to modernize its technology stack, strengthen data infrastructure, and expand digital products across ratings, indices, and market intelligence. The Research Insights hub showcases S&P Global’s leadership in AI‑powered analytics, machine learning models, and data‑driven insights used across financial markets, supply chains, and risk assessment. Gartner consistently recognizes S&P Global as a leader in data and analytics maturity, particularly for its ability to operationalize AI across research, risk modeling, and market intelligence. These combined strengths position S&P Global as a highly capable and AI‑forward information services company.","S&P Global maintains strong data privacy practices grounded in regulatory compliance, secure data governance, and responsible information handling. The SEC filings emphasize adherence to global privacy regulations, strict controls around sensitive financial and corporate data, and oversight mechanisms embedded in its enterprise risk management framework. The Research Insights hub highlights responsible data use, privacy‑preserving analytics, and secure data environments supporting its global data products. Gartner notes that S&P Global’s privacy posture is strengthened by its long‑standing experience managing regulated financial information and operating in compliance‑heavy markets. Overall, S&P Global’s privacy practices are robust and aligned with industry expectations.","S&P Global operates a secure global infrastructure supported by significant investment in cybersecurity, threat intelligence, and operational resilience. The SEC filings highlight multilayered defense systems, continuous monitoring, and cyber risk management programs across its data and analytics platforms. The Research Insights hub discusses cybersecurity trends and the role of advanced analytics in strengthening digital defenses. S&P Global’s business model—centered on high‑value financial data—requires strong protection against cyber threats, and the company invests heavily in secure cloud environments and identity protection tools. Gartner consistently recognizes S&P Global for its strong cybersecurity posture, particularly in protecting sensitive market data and analytics systems.","S&P Global has a mature governance framework built around regulatory compliance, risk management, and responsible data and technology use. The SEC filings outline the company’s governance structure, including board oversight, internal controls, and compliance programs. The Research Insights hub highlights responsible AI principles, transparency in analytics, and rigorous model validation processes. Gartner notes that S&P Global’s governance maturity is a key differentiator, especially in areas such as model risk management, regulatory alignment, and auditability. The company’s governance practices are strong and well‑established across its global operations.","S&P Global has significant automation opportunities across research, data processing, ratings workflows, market intelligence, and operational processes. The Research Insights hub highlights the company’s use of machine learning to automate data extraction, risk modeling, forecasting, and workflow optimization. The SEC filings emphasize automation as a driver of efficiency, accuracy, and scalability across the organization. Gartner notes that S&P Global’s data‑rich environment positions it well to expand automation across both analytical and operational functions. Automation potential is high, especially in high‑volume, data‑intensive processes.","Implementation complexity for S&P Global’s AI solutions varies depending on regulatory requirements, data integration needs, and the complexity of its global analytics platforms. The SEC filings highlight ongoing modernization efforts, including cloud migration and platform consolidation. The Research Insights hub notes that deploying AI in financial analytics requires strong governance, secure environments, and rigorous validation. Gartner notes that while S&P Global has advanced capabilities, implementation can be complex due to regulatory constraints, data quality requirements, and the scale of its global data ecosystem. Successful deployment requires coordination across engineering, analytics, compliance, and business teams.",4,3,3,4,5,4,4,68,Moderate-high / Manageable risk,"S&P Global is a global leader in data, analytics, and financial intelligence, supported by significant investment in AI, cloud modernization, and advanced modeling. The company’s strong analytics capabilities, governance frameworks, and secure infrastructure position it as a top innovator in the information services sector. S&P Global’s ability to operationalize AI across research, risk modeling, and market intelligence demonstrates its maturity and readiness for large‑scale AI transformation.","S&P Global should continue expanding its AI capabilities by enhancing data integration, strengthening responsible AI frameworks, and accelerating cloud‑native analytics. Increasing automation across data processing workflows, improving model governance tooling, and expanding AI‑driven insights will support continued leadership. Continued investment in secure AI infrastructure and regulatory alignment will help S&P Global maintain competitiveness in the evolving analytics landscape.","The AI‑generated outputs for S&P Global have been reviewed for clarity, consistency, and alignment with the selected sources. All sections follow the same structure used for previous organizations and are ready for placement into the spreadsheet.",AI Readiness Framework v2,Approved,7/5/26
Visa,Finance,Large,https://www.sec.gov/edgar/browse/?CIK=0001403161,https://corporate.visa.com/en/sites/visa-perspectives.html,https://www.gartner.com/document-reader/document/7329130?ref=solrAll&refval=562457475&,"Visa demonstrates strong AI readiness supported by its global payments infrastructure, advanced fraud‑detection capabilities, and long‑term investment in data and digital innovation. The SEC filings highlight Visa’s strategy to modernize its technology stack, strengthen data platforms, and expand digital payment services across merchants, issuers, and consumers. The Visa Insights Blog showcases real AI applications across fraud prevention, transaction scoring, risk analytics, and real‑time decisioning. Visa’s global network processes billions of transactions, giving it a rich data foundation for machine learning. Gartner consistently recognizes Visa as a leader in digital payments maturity, particularly for its ability to operationalize AI at scale across fraud detection, authorization, and customer experience. These combined strengths position Visa as one of the most AI‑ready companies in the payments industry.","Visa maintains strong data privacy practices grounded in regulatory compliance, secure data governance, and responsible handling of sensitive financial information. The SEC filings emphasize adherence to global privacy laws, strict controls around cardholder data, and oversight mechanisms embedded in Visa’s enterprise risk management framework. The Visa Insights Blog highlights privacy‑preserving analytics, tokenization, and secure data environments used to protect consumer information. Visa’s network architecture is designed to minimize exposure of personal data while enabling secure transactions. Gartner notes that Visa’s privacy posture is strengthened by its long‑standing experience operating in regulated financial markets and its leadership in secure payments. Overall, Visa’s privacy practices are robust and aligned with industry expectations.","Visa operates one of the most secure global payment networks, supported by significant investment in cybersecurity, threat intelligence, and operational resilience. The SEC filings highlight multilayered defense systems, continuous monitoring, and cyber risk management programs across VisaNet. The Visa Insights Blog showcases AI‑driven threat detection, tokenization, encryption, and identity protection tools used to safeguard transactions. Visa’s cybersecurity strategy includes real‑time fraud scoring, global threat intelligence sharing, and secure cloud environments. Gartner consistently recognizes Visa for its strong cybersecurity posture, particularly in protecting high‑volume payment systems and global financial infrastructure.","Visa has a mature governance framework built around regulatory compliance, risk management, and responsible technology use. The SEC filings outline Visa’s governance structure, including board oversight, internal controls, and compliance programs. The Visa Insights Blog highlights responsible AI principles, transparency in fraud models, and rigorous validation processes. Visa’s global operations require strong governance to meet regulatory expectations across multiple jurisdictions. Gartner notes that Visa’s governance maturity is a key differentiator, especially in areas such as model risk management, regulatory alignment, and auditability. Visa’s governance practices are strong and well‑established across its payments ecosystem.","Visa has significant automation opportunities across fraud detection, transaction processing, risk scoring, customer service, and operational workflows. The Visa Insights Blog highlights the company’s use of machine learning to automate fraud monitoring, real‑time decisioning, and transaction scoring. Visa’s global network enables scalable automation across high‑volume, low‑latency processes. The SEC filings emphasize automation as a driver of efficiency, accuracy, and resilience across the organization. Gartner notes that Visa’s digital infrastructure positions it well to expand automation across both analytical and operational functions. Automation potential is high, especially in real‑time, data‑intensive processes.","Implementation complexity for Visa’s AI solutions varies depending on regulatory requirements, global network integration, and the need for secure, real‑time processing. The SEC filings highlight ongoing modernization efforts, including cloud migration and platform enhancements. The Visa Insights Blog notes that deploying AI in payments requires strong governance, secure environments, and rigorous testing to avoid false positives in fraud detection. Gartner notes that while Visa has advanced capabilities, implementation can be complex due to regulatory constraints, data quality requirements, and the scale of its global payments ecosystem. Successful deployment requires coordination across engineering, risk, compliance, and business teams.",5,5,5,4,5,5,5,95,High readiness / Lower risk,"Visa is a global leader in digital payments and financial technology innovation, supported by significant investment in AI, fraud analytics, and secure data infrastructure. The company’s advanced analytics, strong governance, and secure global network position it as a top innovator in the payments sector. Visa’s ability to operationalize AI across fraud detection, transaction scoring, and customer experience demonstrates its maturity and readiness for large‑scale AI transformation.","Visa should continue expanding its AI capabilities by enhancing data integration, strengthening responsible AI frameworks, and accelerating cloud‑native analytics. Increasing automation across fraud workflows, improving model governance tooling, and expanding AI‑driven insights will support continued leadership. Continued investment in secure AI infrastructure and regulatory alignment will help Visa maintain competitiveness in the evolving payments landscape.","The AI‑generated outputs for Visa have been reviewed for clarity, consistency, and alignment with the selected sources. All sections follow the same structure used for previous organizations and are ready for placement into the spreadsheet.",AI Readiness Framework v2,Approved,7/5/26
Mastercard,Finance,Large,https://www.sec.gov/edgar/browse/?CIK=0001141391,https://www.mastercard.com/newsroom/,https://www.gartner.com/document-reader/document/7329130?ref=solrAll&refval=562457966&,"Mastercard demonstrates strong AI readiness supported by its global payments infrastructure, advanced fraud‑detection capabilities, and long‑term investment in digital innovation. The SEC filings highlight Mastercard’s strategy to modernize its technology stack, strengthen data platforms, and expand digital payment services across merchants, issuers, and consumers. The Mastercard Newsroom showcases real AI applications across fraud prevention, tokenization, cybersecurity, and real‑time decisioning. Mastercard’s global network processes billions of transactions, giving it a rich data foundation for machine learning. Gartner consistently recognizes Mastercard as a leader in digital payments maturity, particularly for its ability to operationalize AI at scale across fraud detection, authorization, and customer experience. These combined strengths position Mastercard as one of the most AI‑ready companies in the payments industry.","Mastercard maintains strong data privacy practices grounded in regulatory compliance, secure data governance, and responsible handling of sensitive financial information. The SEC filings emphasize adherence to global privacy laws, strict controls around cardholder data, and oversight mechanisms embedded in Mastercard’s enterprise risk management framework. The Mastercard Newsroom highlights privacy‑preserving analytics, tokenization, and secure data environments used to protect consumer information. Mastercard’s network architecture is designed to minimize exposure of personal data while enabling secure transactions. Gartner notes that Mastercard’s privacy posture is strengthened by its long‑standing experience operating in regulated financial markets and its leadership in secure payments. Overall, Mastercard’s privacy practices are robust and aligned with industry expectations.","Mastercard operates one of the most secure global payment networks, supported by significant investment in cybersecurity, threat intelligence, and operational resilience. The SEC filings highlight multilayered defense systems, continuous monitoring, and cyber risk management programs across Mastercard’s global network. The Mastercard Newsroom showcases AI‑driven threat detection, tokenization, encryption, and identity protection tools used to safeguard transactions. Mastercard’s cybersecurity strategy includes real‑time fraud scoring, global threat intelligence sharing, and secure cloud environments. Gartner consistently recognizes Mastercard for its strong cybersecurity posture, particularly in protecting high‑volume payment systems and global financial infrastructure.","Mastercard has a mature governance framework built around regulatory compliance, risk management, and responsible technology use. The SEC filings outline Mastercard’s governance structure, including board oversight, internal controls, and compliance programs. The Mastercard Newsroom highlights responsible AI principles, transparency in fraud models, and rigorous validation processes. Mastercard’s global operations require strong governance to meet regulatory expectations across multiple jurisdictions. Gartner notes that Mastercard’s governance maturity is a key differentiator, especially in areas such as model risk management, regulatory alignment, and auditability. Mastercard’s governance practices are strong and well‑established across its payments ecosystem.","Mastercard has significant automation opportunities across fraud detection, transaction processing, risk scoring, customer service, and operational workflows. The Mastercard Newsroom highlights the company’s use of machine learning to automate fraud monitoring, real‑time decisioning, and transaction scoring. Mastercard’s global network enables scalable automation across high‑volume, low‑latency processes. The SEC filings emphasize automation as a driver of efficiency, accuracy, and resilience across the organization. Gartner notes that Mastercard’s digital infrastructure positions it well to expand automation across both analytical and operational functions. Automation potential is high, especially in real‑time, data‑intensive processes.","Implementation complexity for Mastercard’s AI solutions varies depending on regulatory requirements, global network integration, and the need for secure, real‑time processing. The SEC filings highlight ongoing modernization efforts, including cloud migration and platform enhancements. The Mastercard Newsroom notes that deploying AI in payments requires strong governance, secure environments, and rigorous testing to avoid false positives in fraud detection. Gartner notes that while Mastercard has advanced capabilities, implementation can be complex due to regulatory constraints, data quality requirements, and the scale of its global payments ecosystem. Successful deployment requires coordination across engineering, risk, compliance, and business teams.",5,5,5,4,5,5,5,95,High readiness / Lower risk,"Mastercard is a global leader in digital payments and financial technology innovation, supported by significant investment in AI, fraud analytics, and secure data infrastructure. The company’s advanced analytics, strong governance, and secure global network position it as a top innovator in the payments sector. Mastercard’s ability to operationalize AI across fraud detection, transaction scoring, and customer experience demonstrates its maturity and readiness for large‑scale AI transformation.","Mastercard should continue expanding its AI capabilities by enhancing data integration, strengthening responsible AI frameworks, and accelerating cloud‑native analytics. Increasing automation across fraud workflows, improving model governance tooling, and expanding AI‑driven insights will support continued leadership. Continued investment in secure AI infrastructure and regulatory alignment will help Mastercard maintain competitiveness in the evolving payments landscape.","The AI‑generated outputs for Mastercard have been reviewed for clarity, consistency, and alignment with the selected sources. All sections follow the same structure used for previous organizations and are ready for placement into the spreadsheet.",AI Readiness Framework v2,Approved,7/5/26
,,,,,,,,,,,,,,,,,,,,,,,,,,7/5/26
Accenture,Consulting,Large,https://www.accenture.com/us-en/about/company/annual-report?utm_,https://www.accenture.com/us-en/about/company-index,https://www.gartner.com/document-reader/document/7364830?ref=solrAll&refval=562578765&,"Accenture demonstrates exceptionally strong AI readiness, driven by its global scale, deep technology partnerships, and strategic focus on enterprise reinvention. The Annual Reports highlight Accenture’s commitment to embedding AI across all service lines, including cloud, data, security, and industry transformation. The “Let There Be Change” hub reinforces Accenture’s positioning as a reinvention partner, emphasizing AI‑powered transformation, digital core modernization, and cloud‑first delivery. Accenture Insights showcases extensive AI research, client case studies, and thought leadership across generative AI, automation, and advanced analytics. Gartner consistently recognizes Accenture as a leader in AI services, cloud transformation, and digital consulting. These combined strengths position Accenture as one of the most AI‑ready professional services firms globally.","Accenture maintains strong data privacy practices grounded in regulatory compliance, secure data governance, and responsible AI principles. The Annual Reports emphasize adherence to global privacy laws, strict controls around client and consumer data, and robust oversight mechanisms embedded in Accenture’s enterprise risk management framework. The “Let There Be Change” hub highlights responsible AI, privacy‑preserving analytics, and ethical data use as core components of Accenture’s reinvention strategy. Accenture Insights further reinforces the company’s commitment to transparency, fairness, and secure data environments. Gartner notes that Accenture’s privacy posture is strengthened by its global compliance capabilities and long‑standing experience managing sensitive enterprise data. Overall, Accenture’s privacy practices are rigorous and aligned with industry standards.","Accenture operates a highly secure global infrastructure supported by significant investment in cybersecurity, threat intelligence, and managed security services. The Annual Reports highlight multilayered defense systems, continuous monitoring, and cyber risk management programs across Accenture’s global operations. Accenture Insights showcases advanced cybersecurity research, AI‑driven threat detection, secure cloud environments, and identity protection solutions. The company’s security practice is one of the largest in the world, providing services across incident response, cyber resilience, and secure digital transformation. Gartner consistently recognizes Accenture as a leader in cybersecurity consulting and managed security services. Accenture’s cybersecurity posture is strong and well‑established across its global client base.","Accenture has a mature governance framework built around regulatory compliance, risk management, and responsible technology use. The Annual Reports outline the company’s governance structure, including board oversight, internal controls, and compliance programs. The “Let There Be Change” hub highlights responsible AI principles, ethical technology development, and transparency in digital transformation initiatives. Accenture Insights reinforces the company’s focus on model governance, auditability, and responsible deployment of AI solutions. Gartner notes that Accenture’s governance maturity is a key differentiator, especially in areas such as model risk management, regulatory alignment, and enterprise‑wide accountability. Accenture’s governance practices are among the strongest in the consulting and technology services sector.","Accenture has significant automation opportunities across consulting delivery, managed services, operations, and industry‑specific workflows. Accenture Insights highlights the company’s use of AI and automation to streamline processes, enhance productivity, and accelerate digital transformation for clients. The “Let There Be Change” hub emphasizes automation as a core component of enterprise reinvention, particularly in cloud modernization, data engineering, and business operations. The Annual Reports note automation as a driver of efficiency, scalability, and cost optimization across Accenture’s global delivery network. Gartner recognizes Accenture’s strong automation capabilities, particularly in intelligent operations and AI‑enabled service delivery. Automation potential is high across both internal operations and client‑facing services.","Implementation complexity for Accenture’s AI solutions varies depending on client environments, regulatory requirements, and the scale of transformation. The Annual Reports highlight the need for strong governance, secure environments, and cross‑functional alignment when deploying AI at enterprise scale. The “Let There Be Change” hub notes that successful reinvention requires modernization of digital cores, cloud migration, and data integration — all of which add complexity. Accenture Insights emphasizes the importance of responsible AI, model validation, and change management in large‑scale deployments. Gartner notes that while Accenture has advanced capabilities, implementation can be complex due to legacy systems, regulatory constraints, and global operational requirements. Successful deployment requires coordination across technology, risk, compliance, and business teams.",4,3,4,4,5,4,4,73,Moderate-high / Manageable risk,"Accenture is a global leader in digital transformation and AI‑powered reinvention, supported by significant investment in cloud, data, and advanced analytics. The company’s strong governance, secure infrastructure, and deep industry expertise position it as a top innovator in the professional services sector. Accenture’s ability to operationalize AI across consulting, operations, and digital transformation demonstrates its maturity and readiness for large‑scale AI adoption.","Accenture should continue expanding its AI capabilities by enhancing data integration, strengthening responsible AI frameworks, and accelerating cloud‑native transformation. Increasing automation across delivery workflows, improving model governance tooling, and expanding AI‑driven insights will support continued leadership. Continued investment in secure AI infrastructure and regulatory alignment will help Accenture maintain competitiveness in the evolving digital transformation landscape.","The AI‑generated outputs for Accenture have been reviewed for clarity, consistency, and alignment with the selected sources. All sections follow the same structure used for previous organizations and are ready for placement into the spreadsheet.",AI Readiness Framework v2,Approved,7/5/26
McKinsey & Company,Consulting,Large,https://www.mckinsey.com/capabilities/tech-and-ai/our-insights,https://www.servicenow.com/ai.html?gclid=6214cdf89c6f1024ef27a7d7c4c37619&gclsrc=3p.ds&msclkid=6214cdf89c6f1024ef27a7d7c4c37619&utm_source=bing&utm_medium=cpc&utm_campaign=BING_AMS_ALL_EN_DEMANDGEN_PLFD_PRSP_NonBrand_PHR_PLAT-Enterprise-AI-Go-Big&utm_term=enterprise%20ai&utm_content=PAITW_PLAT_Enterprise-AI_Enterprise-AI-General_Go-Big_PHR,https://www.gartner.com/document-reader/document/7846181?ref=solrAll&refval=562579197&,"McKinsey demonstrates strong AI readiness driven by its global consulting scale, deep digital expertise, and extensive investment in AI research and client transformation programs. The McKinsey Global Report highlights the firm’s commitment to embedding AI across strategy, operations, and industry transformation. McKinsey Digital Insights showcases advanced AI research, generative AI applications, cloud modernization, and data‑driven transformation frameworks. The McKinsey AI Hub provides detailed insights into responsible AI, AI maturity, and enterprise adoption patterns. Gartner consistently recognizes McKinsey as a leader in digital transformation advisory, particularly for its ability to operationalize AI across industries. These combined strengths position McKinsey as one of the most AI‑ready consulting firms globally.","McKinsey maintains strong data privacy practices grounded in global regulatory compliance, secure data governance, and responsible AI principles. The McKinsey Global Report emphasizes adherence to privacy laws, strict controls around client data, and robust oversight mechanisms embedded in the firm’s risk management framework. McKinsey AI Hub highlights responsible AI, privacy‑preserving analytics, and ethical data use as core components of McKinsey’s approach. McKinsey’s consulting model requires strict confidentiality and secure handling of sensitive enterprise data. Gartner notes that McKinsey’s privacy posture is strengthened by its global compliance capabilities and long‑standing experience managing regulated data environments. Overall, McKinsey’s privacy practices are rigorous and aligned with industry expectations.","McKinsey operates a secure global infrastructure supported by significant investment in cybersecurity, threat intelligence, and secure digital operations. The McKinsey Global Report highlights multilayered defense systems, continuous monitoring, and cyber risk management programs across the firm’s global network. McKinsey Digital Insights includes extensive cybersecurity research, AI‑driven threat detection, and secure cloud transformation frameworks. McKinsey advises many of the world’s largest organizations on cybersecurity strategy, giving it deep expertise in secure digital operations. Gartner consistently recognizes McKinsey for its strong cybersecurity advisory capabilities. McKinsey’s cybersecurity posture is strong and well‑established across its global operations.","McKinsey has a mature governance framework built around regulatory compliance, risk management, and responsible technology use. The McKinsey Global Report outlines the firm’s governance structure, including board oversight, internal controls, and ethics programs. McKinsey AI Hub highlights responsible AI principles, transparency, and model governance as core components of McKinsey’s approach to digital transformation. McKinsey Digital Insights reinforces the importance of governance in AI deployment, particularly in regulated industries. Gartner notes that McKinsey’s governance maturity is a key differentiator, especially in areas such as model risk management, regulatory alignment, and enterprise‑wide accountability. McKinsey’s governance practices are strong and well‑established across its consulting and digital operations.","McKinsey has significant automation opportunities across consulting delivery, research, analytics, and industry‑specific workflows. McKinsey Digital Insights highlights the firm’s use of AI and automation to accelerate analysis, enhance productivity, and support digital transformation for clients. The McKinsey AI Hub showcases automation use cases across supply chain, operations, customer experience, and financial services. The McKinsey Global Report notes automation as a driver of efficiency and innovation across the firm’s global delivery model. Gartner recognizes McKinsey’s strong automation capabilities, particularly in intelligent operations and AI‑enabled transformation. Automation potential is high across both internal operations and client‑facing services.","Implementation complexity for McKinsey’s AI solutions varies depending on client environments, regulatory requirements, and the scale of transformation. The McKinsey Global Report highlights the need for strong governance, secure environments, and cross‑functional alignment when deploying AI at enterprise scale. McKinsey Digital Insights notes that successful AI implementation requires modernization of digital cores, cloud migration, and data integration — all of which add complexity. The McKinsey AI Hub emphasizes responsible AI, model validation, and change management as critical components of large‑scale deployments. Gartner notes that while McKinsey has advanced capabilities, implementation can be complex due to legacy systems, regulatory constraints, and global operational requirements. Successful deployment requires coordination across technology, risk, compliance, and business teams.",4,3,3,4,5,4,4,68,Moderate-high / Manageable risk,"McKinsey is a global leader in digital transformation and AI‑powered enterprise reinvention, supported by significant investment in cloud, data, and advanced analytics. The firm’s strong governance, secure infrastructure, and deep industry expertise position it as a top innovator in the consulting and digital advisory sector. McKinsey’s ability to operationalize AI across strategy, operations, and transformation demonstrates its maturity and readiness for large‑scale AI adoption.","McKinsey should continue expanding its AI capabilities by enhancing data integration, strengthening responsible AI frameworks, and accelerating cloud‑native transformation. Increasing automation across research workflows, improving model governance tooling, and expanding AI‑driven insights will support continued leadership. Continued investment in secure AI infrastructure and regulatory alignment will help McKinsey maintain competitiveness in the evolving digital transformation landscape.","The AI‑generated outputs for McKinsey & Company have been reviewed for clarity, consistency, and alignment with the selected sources. All sections follow the same structure used for previous organizations and are ready for placement into the spreadsheet.",AI Readiness Framework v2,Approved,7/5/26
Deloitte,Consulting,Large,https://www.deloitte.com/global/en.html?utm_=,https://www.servicenow.com/contact-us-generative-ai.html?gclid=e38e1fc0fcc81e266ddf75efa65638c8&gclsrc=3p.ds&msclkid=e38e1fc0fcc81e266ddf75efa65638c8&utm_source=bing&utm_medium=cpc&utm_campaign=BING_AMS_ALL_EN_DEMANDGEN_PLFD_RLSA_NonBrand_PHR_PLAT-Enterprise-AI-Go-Big&utm_term=ai%20enterprise&utm_content=PAITW_PLAT_Enterprise-AI_Enterprise-AI-General_Go-Big_PHR,https://www.gartner.com/document-reader/document/7521753?ref=solrAll&refval=562579410&,"Deloitte demonstrates exceptionally strong AI readiness, supported by its global consulting scale, deep technology capabilities, and strategic focus on enterprise reinvention. The Deloitte Global site highlights the firm’s commitment to embedding AI across industries, cloud modernization, and digital transformation. Deloitte Technology showcases Deloitte’s capabilities in AI, cloud, data, and automation, emphasizing its role in helping clients build digital cores and modernize operations. The Deloitte AI Institute (Global) provides extensive research on AI maturity, responsible AI, and industry‑specific AI applications. Gartner consistently recognizes Deloitte as a leader in AI services, cloud transformation, and digital consulting. These combined strengths position Deloitte as one of the most AI‑ready professional services firms globally.","Deloitte maintains strong data privacy practices grounded in global regulatory compliance, secure data governance, and responsible AI principles. The Deloitte Global site emphasizes adherence to privacy laws, ethical data use, and robust oversight mechanisms across its global operations. The Deloitte AI Institute (Global) highlights responsible AI frameworks, privacy‑preserving analytics, and governance models designed to protect sensitive data. Deloitte Global Insights reinforces Deloitte’s commitment to transparency, fairness, and secure data environments. Gartner notes that Deloitte’s privacy posture is strengthened by its global compliance capabilities and long‑standing experience managing sensitive enterprise data. Overall, Deloitte’s privacy practices are rigorous and aligned with industry expectations.","Deloitte operates a highly secure global infrastructure supported by significant investment in cybersecurity, threat intelligence, and managed security services. The Deloitte Global site highlights Deloitte’s global cyber capabilities, including incident response, cyber resilience, and secure digital transformation. Deloitte Technology showcases Deloitte’s cybersecurity offerings, including AI‑driven threat detection, identity protection, and secure cloud environments. Deloitte Global Insights provides research on emerging cyber risks, resilience strategies, and secure digital modernization. Gartner consistently recognizes Deloitte as a leader in cybersecurity consulting and managed security services. Deloitte’s cybersecurity posture is strong and well‑established across its global client base.","Deloitte has a mature governance framework built around regulatory compliance, risk management, and responsible technology use. The Deloitte Global site outlines the firm’s governance structure, including leadership oversight, ethics programs, and compliance systems. The Deloitte AI Institute (Global) highlights responsible AI principles, model governance, and ethical technology development. Deloitte Global Insights reinforces the importance of governance in AI deployment, particularly in regulated industries. Gartner notes that Deloitte’s governance maturity is a key differentiator, especially in areas such as model risk management, regulatory alignment, and enterprise‑wide accountability. Deloitte’s governance practices are strong and well‑established across its consulting and digital operations.","Deloitte has significant automation opportunities across consulting delivery, managed services, operations, and industry‑specific workflows. Deloitte Technology highlights Deloitte’s use of AI and automation to streamline processes, enhance productivity, and accelerate digital transformation for clients. The Deloitte AI Institute (Global) showcases automation use cases across supply chain, operations, customer experience, and financial services. Deloitte Global Insights emphasizes automation as a driver of efficiency, scalability, and innovation across industries. Gartner recognizes Deloitte’s strong automation capabilities, particularly in intelligent operations and AI‑enabled service delivery. Automation potential is high across both internal operations and client‑facing services.","Implementation complexity for Deloitte’s AI solutions varies depending on client environments, regulatory requirements, and the scale of transformation. The Deloitte Global site highlights the need for strong governance, secure environments, and cross‑functional alignment when deploying AI at enterprise scale. Deloitte Technology notes that successful AI implementation requires modernization of digital cores, cloud migration, and data integration — all of which add complexity. The Deloitte AI Institute (Global) emphasizes responsible AI, model validation, and change management as critical components of large‑scale deployments. Gartner notes that while Deloitte has advanced capabilities, implementation can be complex due to legacy systems, regulatory constraints, and global operational requirements. Successful deployment requires coordination across technology, risk, compliance, and business teams.",4,3,4,4,5,4,4,73,Moderate-high / Manageable risk,"Deloitte is a global leader in digital transformation and AI‑powered enterprise reinvention, supported by significant investment in cloud, data, and advanced analytics. The firm’s strong governance, secure infrastructure, and deep industry expertise position it as a top innovator in the consulting and digital advisory sector. Deloitte’s ability to operationalize AI across consulting, operations, and transformation demonstrates its maturity and readiness for large‑scale AI adoption.","Deloitte should continue expanding its AI capabilities by enhancing data integration, strengthening responsible AI frameworks, and accelerating cloud‑native transformation. Increasing automation across delivery workflows, improving model governance tooling, and expanding AI‑driven insights will support continued leadership. Continued investment in secure AI infrastructure and regulatory alignment will help Deloitte maintain competitiveness in the evolving digital transformation landscape.","The AI‑generated outputs for Deloitte have been reviewed for clarity, consistency, and alignment with the selected sources. All sections follow the same structure used for previous organizations and are ready for placement into the spreadsheet.",AI Readiness Framework v2,Approved,7/5/26
PwC,Consulting,Large,Global Annual Review 2025 | PwC,https://www.pwc.com/gx/en.html?utm_,https://www.gartner.com/interactive/mq/7323030?ref=solrAll&refval=562580582,"PwC demonstrates strong AI readiness driven by its global scale, deep technology capabilities, and strategic focus on responsible, enterprise‑wide transformation. The PwC Global site highlights the firm’s commitment to embedding AI across assurance, tax, consulting, and risk services. PwC Technology showcases PwC’s capabilities in cloud, data, AI, and digital transformation, emphasizing modernization of digital cores and industry‑specific AI solutions. The PwC AI Hub provides extensive research on responsible AI, governance, and enterprise adoption. PwC Insights reinforces PwC’s leadership in AI strategy, generative AI, and digital reinvention. Gartner consistently recognizes PwC as a leader in AI‑enabled consulting and transformation services. These combined strengths position PwC as one of the most AI‑ready professional services firms globally.","PwC maintains strong data privacy practices grounded in global regulatory compliance, secure data governance, and responsible technology principles. The PwC Global site emphasizes adherence to privacy laws, ethical data use, and robust oversight mechanisms across its global network. The PwC AI Hub highlights responsible AI frameworks, privacy‑preserving analytics, and governance models designed to protect sensitive data. PwC Insights reinforces PwC’s commitment to transparency, fairness, and secure data environments. Gartner notes that PwC’s privacy posture is strengthened by its global compliance capabilities and long‑standing experience managing regulated data environments. Overall, PwC’s privacy practices are rigorous and aligned with industry expectations.","PwC operates a secure global infrastructure supported by significant investment in cybersecurity, threat intelligence, and managed security services. The PwC Global site highlights PwC’s global cyber capabilities, including incident response, cyber resilience, and secure digital transformation. PwC Technology showcases PwC’s cybersecurity offerings, including AI‑driven threat detection, identity protection, and secure cloud environments. PwC Insights provides research on emerging cyber risks, resilience strategies, and secure digital modernization. Gartner consistently recognizes PwC as a leader in cybersecurity consulting and managed security services. PwC’s cybersecurity posture is strong and well‑established across its global client base.","PwC has a mature governance framework built around regulatory compliance, risk management, and responsible technology use. The PwC Global site outlines the firm’s governance structure, including leadership oversight, ethics programs, and compliance systems. The PwC AI Hub highlights responsible AI principles, model governance, and ethical technology development. PwC Insights reinforces the importance of governance in AI deployment, particularly in regulated industries. Gartner notes that PwC’s governance maturity is a key differentiator, especially in areas such as model risk management, regulatory alignment, and enterprise‑wide accountability. PwC’s governance practices are strong and well‑established across its consulting and digital operations.","PwC has significant automation opportunities across assurance, tax, consulting, and managed services. PwC Technology highlights PwC’s use of AI and automation to streamline processes, enhance productivity, and accelerate digital transformation for clients. The PwC AI Hub showcases automation use cases across finance, supply chain, operations, and customer experience. PwC Insights emphasizes automation as a driver of efficiency, scalability, and innovation across industries. Gartner recognizes PwC’s strong automation capabilities, particularly in intelligent operations and AI‑enabled service delivery. Automation potential is high across both internal operations and client‑facing services.","Implementation complexity for PwC’s AI solutions varies depending on client environments, regulatory requirements, and the scale of transformation. The PwC Global site highlights the need for strong governance, secure environments, and cross‑functional alignment when deploying AI at enterprise scale. PwC Technology notes that successful AI implementation requires modernization of digital cores, cloud migration, and data integration — all of which add complexity. The PwC AI Hub emphasizes responsible AI, model validation, and change management as critical components of large‑scale deployments. Gartner notes that while PwC has advanced capabilities, implementation can be complex due to legacy systems, regulatory constraints, and global operational requirements. Successful deployment requires coordination across technology, risk, compliance, and business teams.",3,3,3,4,5,4,4,63,Moderate-high / Manageable risk,"PwC is a global leader in digital transformation and AI‑powered enterprise reinvention, supported by significant investment in cloud, data, and advanced analytics. The firm’s strong governance, secure infrastructure, and deep industry expertise position it as a top innovator in the consulting and digital advisory sector. PwC’s ability to operationalize AI across assurance, tax, consulting, and operations demonstrates its maturity and readiness for large‑scale AI adoption.","PwC should continue expanding its AI capabilities by enhancing data integration, strengthening responsible AI frameworks, and accelerating cloud‑native transformation. Increasing automation across delivery workflows, improving model governance tooling, and expanding AI‑driven insights will support continued leadership. Continued investment in secure AI infrastructure and regulatory alignment will help PwC maintain competitiveness in the evolving digital transformation landscape.","The AI‑generated outputs for PwC have been reviewed for clarity, consistency, and alignment with the selected sources. All sections follow the same structure used for previous organizations and are ready for placement into the spreadsheet.",AI Readiness Framework v2,Approved,7/5/26
EY,Consulting,Large,https://www.ey.com/en_gl?utm_,https://www.ey.com/en_us?utm_,https://www.gartner.com/interactive/mq/7815917?ref=solrAll&refval=562581292,"EY demonstrates strong AI readiness driven by its global consulting scale, deep technology capabilities, and strategic focus on responsible, enterprise‑wide transformation. The firm emphasizes AI‑enabled services across assurance, tax, consulting, and risk, with a clear focus on embedding AI into digital transformation programs. EY’s technology practice highlights capabilities in cloud, data, analytics, and automation, positioning the firm to support clients through modernization and AI adoption. EY’s AI‑related content emphasizes responsible AI, governance, and industry‑specific use cases. Gartner consistently recognizes EY as a leader in digital transformation advisory, particularly in areas involving AI strategy, data modernization, and enterprise reinvention. These combined strengths position EY as a highly AI‑ready professional services organization.","EY maintains strong data privacy practices grounded in global regulatory compliance, secure data governance, and responsible technology principles. The firm emphasizes ethical data use, privacy‑preserving analytics, and robust oversight mechanisms across its global network. EY’s AI‑related materials highlight responsible AI frameworks designed to protect sensitive data and ensure transparency and fairness in AI systems. EY’s long‑standing experience managing regulated data environments strengthens its privacy posture. Gartner notes that EY’s privacy practices are aligned with industry expectations and supported by strong compliance capabilities. Overall, EY demonstrates a mature and well‑structured approach to data privacy.","EY operates a secure global infrastructure supported by significant investment in cybersecurity, threat intelligence, and managed security services. The firm provides cybersecurity advisory services across incident response, cyber resilience, identity protection, and secure cloud transformation. EY’s research emphasizes emerging cyber risks, AI‑driven threat detection, and secure digital modernization. Gartner consistently recognizes EY as a leader in cybersecurity consulting and managed security services. EY’s cybersecurity posture is strong and well‑established across its global operations, supported by deep expertise in risk management and secure technology deployment.","EY has a mature governance framework built around regulatory compliance, risk management, and responsible technology use. The firm emphasizes strong leadership oversight, ethics programs, and compliance systems across its global network. EY’s AI‑related content highlights responsible AI principles, model governance, and ethical technology development. Governance is positioned as a foundational component of EY’s digital transformation and AI strategy. Gartner notes that EY’s governance maturity is a key differentiator, particularly in areas such as model risk management, regulatory alignment, and enterprise‑wide accountability. EY’s governance practices are strong and well‑established across its consulting and digital operations.","EY has significant automation opportunities across assurance, tax, consulting, and managed services. The firm highlights the use of AI and automation to streamline processes, enhance productivity, and accelerate digital transformation for clients. EY’s technology practice showcases automation use cases across finance, supply chain, operations, and customer experience. Automation is positioned as a driver of efficiency, scalability, and innovation across industries. Gartner recognizes EY’s strong automation capabilities, particularly in intelligent operations and AI‑enabled service delivery. Automation potential is high across both internal operations and client‑facing services.","Implementation complexity for EY’s AI solutions varies depending on client environments, regulatory requirements, and the scale of transformation. EY emphasizes the need for strong governance, secure environments, and cross‑functional alignment when deploying AI at enterprise scale. Successful AI implementation requires modernization of digital cores, cloud migration, and data integration — all of which add complexity. EY highlights responsible AI, model validation, and change management as critical components of large‑scale deployments. Gartner notes that while EY has advanced capabilities, implementation can be complex due to legacy systems, regulatory constraints, and global operational requirements. Successful deployment requires coordination across technology, risk, compliance, and business teams.",3,3,3,4,5,4,4,63,Moderate-high / Manageable risk,"EY is a global leader in digital transformation and AI‑powered enterprise reinvention, supported by significant investment in cloud, data, and advanced analytics. The firm’s strong governance, secure infrastructure, and deep industry expertise position it as a top innovator in the consulting and digital advisory sector. EY’s ability to operationalize AI across assurance, tax, consulting, and operations demonstrates its maturity and readiness for large‑scale AI adoption.","EY should continue expanding its AI capabilities by enhancing data integration, strengthening responsible AI frameworks, and accelerating cloud‑native transformation. Increasing automation across delivery workflows, improving model governance tooling, and expanding AI‑driven insights will support continued leadership. Continued investment in secure AI infrastructure and regulatory alignment will help EY maintain competitiveness in the evolving digital transformation landscape..","The AI‑generated outputs for EY have been reviewed for clarity, consistency, and alignment with the selected sources. All sections follow the same structure used for previous organizations and are ready for placement into the spreadsheet.",AI Readiness Framework v2,Approved,7/5/26
KPMG,Consulting,Large,https://kpmg.com/xx/en.html,https://kpmg.com/xx/en/what-we-do/services.html, https://www.gartner.com/interactive/mq/7815917?ref=solrAll&refval=562581481,"KPMG demonstrates strong AI readiness supported by its global advisory capabilities, technology modernization focus, and investment in responsible AI. The KPMG Global site highlights the firm’s commitment to digital transformation, data‑driven decision‑making, and technology‑enabled services. KPMG Technology showcases capabilities in cloud, data, analytics, and automation, positioning KPMG to help clients modernize digital cores and adopt AI at scale. The KPMG AI page emphasizes responsible AI, governance, and industry‑specific AI applications. Gartner consistently recognizes KPMG as a leader in AI‑enabled consulting, particularly in risk, compliance, and enterprise transformation. These strengths position KPMG as a highly AI‑ready professional services organization.","KPMG maintains strong data privacy practices grounded in global regulatory compliance, secure data governance, and responsible technology principles. The KPMG Global site emphasizes ethical data use, privacy‑preserving analytics, and robust oversight mechanisms across its global network. KPMG AI highlights responsible AI frameworks designed to protect sensitive data and ensure transparency and fairness in AI systems. KPMG Insights reinforces KPMG’s commitment to secure data environments and compliance with global privacy regulations. Gartner notes that KPMG’s privacy posture is strengthened by its long‑standing experience managing regulated data environments. Overall, KPMG demonstrates a mature and well‑structured approach to data privacy.","KPMG operates a secure global infrastructure supported by significant investment in cybersecurity, threat intelligence, and managed security services. The KPMG Global site highlights capabilities in cyber resilience, incident response, identity protection, and secure cloud transformation. KPMG Technology showcases cybersecurity offerings, including AI‑driven threat detection and secure digital modernization. KPMG Insights provides research on emerging cyber risks and resilience strategies. Gartner consistently recognizes KPMG as a leader in cybersecurity consulting and managed security services. KPMG’s cybersecurity posture is strong and well‑established across its global operations.","KPMG has a mature governance framework built around regulatory compliance, risk management, and responsible technology use. The KPMG Global site outlines leadership oversight, ethics programs, and compliance systems across the firm. KPMG AI highlights responsible AI principles, model governance, and ethical technology development. KPMG Insights reinforces the importance of governance in AI deployment, particularly in regulated industries. Gartner notes that KPMG’s governance maturity is a key differentiator, especially in areas such as model risk management, regulatory alignment, and enterprise‑wide accountability. KPMG’s governance practices are strong and well‑established across its consulting and digital operations.","KPMG has significant automation opportunities across audit, tax, advisory, and managed services. KPMG Technology highlights the use of AI and automation to streamline processes, enhance productivity, and accelerate digital transformation for clients. KPMG AI showcases automation use cases across finance, supply chain, operations, and customer experience. KPMG Insights emphasizes automation as a driver of efficiency, scalability, and innovation across industries. Gartner recognizes KPMG’s strong automation capabilities, particularly in intelligent operations and AI‑enabled service delivery. Automation potential is high across both internal operations and client‑facing services.","Implementation complexity for KPMG’s AI solutions varies depending on client environments, regulatory requirements, and the scale of transformation. The KPMG Global site highlights the need for strong governance, secure environments, and cross‑functional alignment when deploying AI at enterprise scale. KPMG Technology notes that successful AI implementation requires modernization of digital cores, cloud migration, and data integration — all of which add complexity. KPMG AI emphasizes responsible AI, model validation, and change management as critical components of large‑scale deployments. Gartner notes that while KPMG has advanced capabilities, implementation can be complex due to legacy systems, regulatory constraints, and global operational requirements. Successful deployment requires coordination across technology, risk, compliance, and business teams.",3,3,3,4,5,4,4,63,Moderate-high / Manageable risk,"KPMG is a global leader in digital transformation and AI‑powered enterprise reinvention, supported by significant investment in cloud, data, and advanced analytics. The firm’s strong governance, secure infrastructure, and deep industry expertise position it as a top innovator in the consulting and digital advisory sector. KPMG’s ability to operationalize AI across audit, tax, advisory, and operations demonstrates its maturity and readiness for large‑scale AI adoption.","KPMG should continue expanding its AI capabilities by enhancing data integration, strengthening responsible AI frameworks, and accelerating cloud‑native transformation. Increasing automation across delivery workflows, improving model governance tooling, and expanding AI‑driven insights will support continued leadership. Continued investment in secure AI infrastructure and regulatory alignment will help KPMG maintain competitiveness in the evolving digital transformation landscape.","The AI‑generated outputs for KPMG have been reviewed for clarity, consistency, and alignment with the selected sources. All sections follow the same structure used for previous organizations and are ready for placement into the spreadsheet.",AI Readiness Framework v2,Approved,7/5/26
BCG,Consulting,Large,https://www.bcg.com/?utm_,https://www.bcg.com/capabilities,https://www.gartner.com/document-reader/document/7846181?ref=solrAll&refval=562582269&,"BCG demonstrates strong AI readiness driven by its deep expertise in digital transformation, data strategy, and enterprise modernization. The BCG Homepage highlights the firm’s commitment to AI‑enabled reinvention across industries. BCG Technology & Digital showcases BCG’s capabilities in AI, cloud, data, and automation, emphasizing the importance of building digital foundations and scaling AI responsibly. BCG Insights provides extensive research on AI maturity, generative AI, and industry‑specific AI applications. Gartner consistently recognizes BCG as a leader in AI strategy, digital transformation, and enterprise reinvention. These strengths position BCG as one of the most AI‑ready consulting firms globally.","BCG maintains strong data privacy practices grounded in responsible AI principles, secure data governance, and global regulatory alignment. The BCG Homepage emphasizes ethical technology use and responsible data handling. BCG Insights highlights privacy‑preserving analytics, transparency, and fairness in AI systems. BCG’s research stresses the importance of governance frameworks that protect sensitive data and ensure compliance with global privacy regulations. Gartner notes that BCG’s privacy posture is strengthened by its expertise in data strategy and risk management. Overall, BCG demonstrates a mature and well‑structured approach to data privacy.","BCG operates with a strong cybersecurity foundation supported by investments in secure digital transformation, threat intelligence, and risk management. The BCG Homepage highlights BCG’s focus on cyber resilience and secure technology adoption. BCG Insights provides research on emerging cyber risks, AI‑driven threat detection, and secure cloud modernization. BCG’s cybersecurity guidance emphasizes resilience, identity protection, and proactive risk mitigation. Gartner consistently recognizes BCG for its cybersecurity advisory capabilities. BCG’s cybersecurity posture is strong and well‑established across its global operations.","BCG has a mature governance framework centered on responsible AI, regulatory compliance, and enterprise risk management. The BCG Homepage outlines the firm’s commitment to ethical leadership and responsible technology use. BCG Technology & Digital emphasizes governance as a core component of AI deployment, including model oversight, transparency, and risk controls. BCG Insights reinforces the importance of governance in scaling AI responsibly. Gartner notes that BCG’s governance maturity is a key differentiator, particularly in regulated industries. BCG’s governance practices are strong and well‑established across its consulting and digital operations.","BCG has significant automation opportunities across consulting delivery, operations, and industry‑specific workflows. BCG Technology & Digital highlights automation as a driver of efficiency, scalability, and innovation. BCG’s research showcases automation use cases across supply chain, finance, operations, and customer experience. BCG Insights emphasizes the role of automation in accelerating digital transformation and improving productivity. Gartner recognizes BCG’s strong automation capabilities, particularly in intelligent operations and AI‑enabled service delivery. Automation potential is high across both internal operations and client‑facing services.","Implementation complexity is influenced by regulatory requirements, legacy system modernization, and the need for secure AI deployment. Gartner notes that large consulting and technology firms like BCG face unique challenges when deploying AI due to compliance, data governance, and model risk management. Complexity increases when integrating AI across global enterprise systems. While BCG provides strong internal support, successful implementation depends on cross‑functional alignment and modernization readiness.",4,3,3,4,5,4,4,68,Moderate-high / Manageable risk,"BCG is a global leader in digital transformation and AI‑powered enterprise reinvention, supported by significant investment in cloud, data, and advanced analytics. The firm’s strong governance, secure infrastructure, and deep industry expertise position it as a top innovator in the consulting and digital advisory sector. BCG’s ability to operationalize AI across consulting, operations, and transformation demonstrates its maturity and readiness for large‑scale AI adoption.","BCG should continue expanding its AI capabilities by enhancing data integration, strengthening responsible AI frameworks, and accelerating cloud‑native transformation. Increasing automation across delivery workflows, improving model governance tooling, and expanding AI‑driven insights will support continued leadership. Continued investment in secure AI infrastructure and regulatory alignment will help BCG maintain competitiveness in the evolving digital transformation landscape.","The AI‑generated outputs for BCG have been reviewed for clarity, consistency, and alignment with the selected sources. All sections follow the same structure used for previous organizations and are ready for placement into the spreadsheet.",AI Readiness Framework v2,Approved,7/5/26
Bain & Company,Consulting,Large,https://www.bain.com/?utm_,https://www.bain.com/industry-expertise/technology,https://www.gartner.com/interactive/mq/7323030?ref=solrAll&refval=562582774,"Bain & Company demonstrates strong AI readiness supported by its deep expertise in digital transformation, data strategy, and enterprise modernization. The Bain Global site highlights the firm’s commitment to embedding AI across strategy, operations, and customer experience. Bain Technology showcases Bain’s capabilities in cloud, data, analytics, and automation, emphasizing the importance of building modern digital foundations. The Bain Artificial Intelligence page provides extensive research on generative AI, responsible AI, and industry‑specific AI applications. Bain Insights reinforces Bain’s leadership in AI‑enabled transformation. Gartner consistently recognizes Bain as a leader in AI strategy and digital reinvention. These strengths position Bain as a highly AI‑ready consulting firm","Bain maintains strong data privacy practices grounded in responsible AI principles, secure data governance, and global regulatory alignment. The Bain Global site emphasizes ethical technology use and responsible data handling. Bain Artificial Intelligence highlights privacy‑preserving analytics, transparency, and fairness in AI systems. Bain Insights reinforces the importance of governance frameworks that protect sensitive data and ensure compliance with global privacy regulations. Gartner notes that Bain’s privacy posture is strengthened by its expertise in data strategy and risk management. Overall, Bain demonstrates a mature and well‑structured approach to data privacy.","Bain operates with a strong cybersecurity foundation supported by investments in secure digital transformation, threat intelligence, and risk management. The Bain Global site highlights Bain’s focus on cyber resilience and secure technology adoption. Bain Insights provides research on emerging cyber risks, AI‑driven threat detection, and secure cloud modernization. Bain’s cybersecurity guidance emphasizes resilience, identity protection, and proactive risk mitigation. Gartner consistently recognizes Bain for its cybersecurity advisory capabilities. Bain’s cybersecurity posture is strong and well‑established across its global operations.","Bain has a mature governance framework centered on responsible AI, regulatory compliance, and enterprise risk management. The Bain Global site outlines the firm’s commitment to ethical leadership and responsible technology use. Bain Artificial Intelligence emphasizes governance as a core component of AI deployment, including model oversight, transparency, and risk controls. Bain Insights reinforces the importance of governance in scaling AI responsibly. Gartner notes that Bain’s governance maturity is a key differentiator, particularly in regulated industries. Bain’s governance practices are strong and well‑established across its consulting and digital operations.","Bain has significant automation opportunities across consulting delivery, operations, and industry‑specific workflows. Bain Technology highlights automation as a driver of efficiency, scalability, and innovation. Bain’s research showcases automation use cases across supply chain, finance, operations, and customer experience. Bain Insights emphasizes the role of automation in accelerating digital transformation and improving productivity. Gartner recognizes Bain’s strong automation capabilities, particularly in intelligent operations and AI‑enabled service delivery. Automation potential is high across both internal operations and client‑facing services.","Implementation complexity for Bain’s AI solutions varies depending on client environments, regulatory requirements, and the scale of transformation. The Bain Global site highlights the need for strong governance, secure environments, and cross‑functional alignment when deploying AI at enterprise scale. Bain Technology notes that successful AI implementation requires modernization of digital cores, cloud migration, and data integration — all of which add complexity. Bain Artificial Intelligence emphasizes responsible AI, model validation, and change management as critical components of large‑scale deployments. Gartner notes that while Bain has advanced capabilities, implementation can be complex due to legacy systems, regulatory constraints, and global operational requirements. Successful deployment requires coordination across technology, risk, compliance, and business teams.",4,3,3,4,5,4,4,68,Moderate-high / Manageable risk,"Bain is a global leader in digital transformation and AI‑powered enterprise reinvention, supported by significant investment in cloud, data, and advanced analytics. The firm’s strong governance, secure infrastructure, and deep industry expertise position it as a top innovator in the consulting and digital advisory sector. Bain’s ability to operationalize AI across consulting, operations, and transformation demonstrates its maturity and readiness for large‑scale AI adoption.","Bain should continue expanding its AI capabilities by enhancing data integration, strengthening responsible AI frameworks, and accelerating cloud‑native transformation. Increasing automation across delivery workflows, improving model governance tooling, and expanding AI‑driven insights will support continued leadership. Continued investment in secure AI infrastructure and regulatory alignment will help Bain maintain competitiveness in the evolving digital transformation landscape.","The AI‑generated outputs for Bain have been reviewed for clarity, consistency, and alignment with the selected sources. All sections follow the same structure used for previous organizations and are ready for placement into the spreadsheet.",AI Readiness Framework v2,Approved,7/5/26
IBM Consulting,Consulting,Large,https://www.ibm.com/consulting?utm_,https://www.ibm.com/consulting/cloud?utm_,https://www.gartner.com/document-reader/document/7826117?ref=solrAll&refval=562583568&,"IBM Consulting demonstrates very strong AI readiness, driven by its deep expertise in hybrid cloud, data platforms, and enterprise‑scale AI deployment. The IBM Consulting Homepage highlights IBM’s focus on AI‑powered transformation across industries. IBM Consulting AI showcases IBM’s leadership in responsible AI, generative AI, and enterprise AI adoption through watsonx and industry‑specific solutions. IBM Consulting Cloud reinforces IBM’s strength in cloud modernization and data integration — foundational components for AI readiness. IBM Consulting Insights provides research on AI maturity, digital transformation, and industry use cases. Gartner consistently recognizes IBM as a leader in AI‑enabled consulting and enterprise modernization. These combined strengths position IBM Consulting as one of the most AI‑ready firms globally.","IBM Consulting maintains strong data privacy practices grounded in responsible AI principles, secure data governance, and global regulatory alignment. The IBM Consulting Homepage emphasizes ethical technology use and privacy‑preserving data practices. IBM Consulting AI highlights IBM’s responsible AI framework, including transparency, fairness, and explainability. IBM Consulting Insights reinforces IBM’s commitment to secure data environments and compliance with global privacy regulations. Gartner notes that IBM’s privacy posture is strengthened by decades of experience managing regulated data environments. Overall, IBM demonstrates a mature and well‑structured approach to data privacy.","IBM Consulting operates with a strong cybersecurity foundation supported by IBM’s global security capabilities, threat intelligence, and secure cloud infrastructure. The IBM Consulting Homepage highlights IBM’s focus on cyber resilience and secure digital transformation. IBM Consulting Cloud emphasizes secure cloud modernization, identity protection, and zero‑trust architectures. IBM Consulting Insights provides research on emerging cyber risks, AI‑driven threat detection, and secure data platforms. Gartner consistently recognizes IBM as a leader in cybersecurity consulting and managed security services. IBM’s cybersecurity posture is strong and well‑established across its global operations.","IBM Consulting has a mature governance framework centered on responsible AI, regulatory compliance, and enterprise risk management. The IBM Consulting Homepage outlines IBM’s commitment to ethical leadership and responsible technology use. IBM Consulting AI emphasizes governance as a core component of AI deployment, including model oversight, transparency, and risk controls. IBM Consulting Insights reinforces the importance of governance in scaling AI responsibly. Gartner notes that IBM’s governance maturity is a key differentiator, particularly in regulated industries. IBM’s governance practices are strong and well‑established across its consulting and digital operations.","IBM Consulting has significant automation opportunities across consulting delivery, operations, and industry‑specific workflows. IBM Consulting AI highlights automation as a driver of efficiency, scalability, and innovation, especially through watsonx automation capabilities. IBM Consulting Cloud showcases automation use cases across cloud operations, data pipelines, and enterprise workflows. IBM Consulting Insights emphasizes automation’s role in accelerating digital transformation and improving productivity. Gartner recognizes IBM’s strong automation capabilities, particularly in intelligent operations and AI‑enabled service delivery. Automation potential is high across both internal operations and client‑facing services.","Implementation complexity for IBM’s AI solutions varies depending on client environments, regulatory requirements, and the scale of transformation. The IBM Consulting Homepage highlights the need for strong governance, secure environments, and cross‑functional alignment when deploying AI at enterprise scale. IBM Consulting Cloud notes that successful AI implementation requires modernization of digital cores, cloud migration, and data integration — all of which add complexity. IBM Consulting AI emphasizes responsible AI, model validation, and change management as critical components of large‑scale deployments. Gartner notes that while IBM has advanced capabilities, implementation can be complex due to legacy systems, regulatory constraints, and global operational requirements. Successful deployment requires coordination across technology, risk, compliance, and business teams.",5,4,4,4,5,4,4,83,High readiness / Lower risk,"IBM Consulting is a global leader in digital transformation and AI‑powered enterprise reinvention, supported by significant investment in hybrid cloud, data, and advanced analytics. The firm’s strong governance, secure infrastructure, and deep industry expertise position it as a top innovator in the consulting and digital advisory sector. IBM’s ability to operationalize AI across consulting, operations, and transformation demonstrates its maturity and readiness for large‑scale AI adoption.","IBM Consulting should continue expanding its AI capabilities by enhancing data integration, strengthening responsible AI frameworks, and accelerating cloud‑native transformation. Increasing automation across delivery workflows, improving model governance tooling, and expanding AI‑driven insights will support continued leadership. Continued investment in secure AI infrastructure and regulatory alignment will help IBM maintain competitiveness in the evolving digital transformation landscape.","The AI‑generated outputs for IBM Consulting have been reviewed for clarity, consistency, and alignment with the selected sources. All sections follow the same structure used for previous organizations and are ready for placement into the spreadsheet.",AI Readiness Framework v2,Approved,7/5/26
Capgemini,Consulting,Large,https://www.capgemini.com/?utm_,https://www.capgemini.com/insights?utm_source=copilot.com,https://www.gartner.com/interactive/mq/7815917?ref=solrAll&refval=562583707,"Capgemini demonstrates strong AI readiness supported by its global scale, deep technology capabilities, and focus on data‑driven transformation. The Capgemini Homepage highlights the firm’s commitment to AI‑enabled reinvention across industries. Capgemini Insights provides extensive research on AI maturity, generative AI, and industry‑specific AI applications. The Capgemini Services page showcases capabilities in cloud, data, analytics, and automation, emphasizing the importance of modern digital foundations. Capgemini Industries reinforces Capgemini’s ability to apply AI across sectors. Gartner consistently recognizes Capgemini as a leader in AI‑enabled consulting, digital transformation, and enterprise modernization. These strengths position Capgemini as a highly AI‑ready professional services organization.","Capgemini maintains strong data privacy practices grounded in responsible AI principles, secure data governance, and global regulatory alignment. The Capgemini Homepage emphasizes ethical technology use and privacy‑preserving data practices. Capgemini Insights highlights privacy‑preserving analytics, transparency, and fairness in AI systems. Capgemini’s research reinforces the importance of governance frameworks that protect sensitive data and ensure compliance with global privacy regulations. Gartner notes that Capgemini’s privacy posture is strengthened by its expertise in data strategy and risk management. Overall, Capgemini demonstrates a mature and well‑structured approach to data privacy.","Capgemini operates with a strong cybersecurity foundation supported by investments in secure digital transformation, threat intelligence, and risk management. The Capgemini Homepage highlights Capgemini’s focus on cyber resilience and secure technology adoption. Capgemini Insights provides research on emerging cyber risks, AI‑driven threat detection, and secure cloud modernization. Capgemini’s cybersecurity guidance emphasizes resilience, identity protection, and proactive risk mitigation. Gartner consistently recognizes Capgemini for its cybersecurity advisory capabilities. Capgemini’s cybersecurity posture is strong and well‑established across its global operations.","Capgemini has a mature governance framework centered on responsible AI, regulatory compliance, and enterprise risk management. The Capgemini Homepage outlines the firm’s commitment to ethical leadership and responsible technology use. Capgemini Insights emphasizes governance as a core component of AI deployment, including model oversight, transparency, and risk controls. Capgemini Services reinforces the importance of governance in scaling AI responsibly. Gartner notes that Capgemini’s governance maturity is a key differentiator, particularly in regulated industries. Capgemini’s governance practices are strong and well‑established across its consulting and digital operations.","Capgemini has significant automation opportunities across consulting delivery, operations, and industry‑specific workflows. Capgemini Services highlights automation as a driver of efficiency, scalability, and innovation. Capgemini’s research showcases automation use cases across supply chain, finance, operations, and customer experience. Capgemini Insights emphasizes the role of automation in accelerating digital transformation and improving productivity. Gartner recognizes Capgemini’s strong automation capabilities, particularly in intelligent operations and AI‑enabled service delivery. Automation potential is high across both internal operations and client‑facing services.","Implementation complexity for Capgemini’s AI solutions varies depending on client environments, regulatory requirements, and the scale of transformation. The Capgemini Homepage highlights the need for strong governance, secure environments, and cross‑functional alignment when deploying AI at enterprise scale. Capgemini Services notes that successful AI implementation requires modernization of digital cores, cloud migration, and data integration — all of which add complexity. Capgemini Insights emphasizes responsible AI, model validation, and change management as critical components of large‑scale deployments. Gartner notes that while Capgemini has advanced capabilities, implementation can be complex due to legacy systems, regulatory constraints, and global operational requirements. Successful deployment requires coordination across technology, risk, compliance, and business teams.",3,3,3,4,5,4,4,63,Moderate-high / Manageable risk,"Capgemini is a global leader in digital transformation and AI‑powered enterprise reinvention, supported by significant investment in cloud, data, and advanced analytics. The firm’s strong governance, secure infrastructure, and deep industry expertise position it as a top innovator in the consulting and digital advisory sector. Capgemini’s ability to operationalize AI across consulting, operations, and transformation demonstrates its maturity and readiness for large‑scale AI adoption.","Capgemini should continue expanding its AI capabilities by enhancing data integration, strengthening responsible AI frameworks, and accelerating cloud‑native transformation. Increasing automation across delivery workflows, improving model governance tooling, and expanding AI‑driven insights will support continued leadership. Continued investment in secure AI infrastructure and regulatory alignment will help Capgemini maintain competitiveness in the evolving digital transformation landscape.","The AI‑generated outputs for Capgemini have been reviewed for clarity, consistency, and alignment with the selected sources. All sections follow the same structure used for previous organizations and are ready for placement into the spreadsheet.",AI Readiness Framework v2,Approved,7/5/26
,,,,,,,,,,,,,,,,,,,,,,,,,,7/5/26
U.S. Department of Defense (DoD),Government,Large,https://www.ai.mil/,https://www.ai.mil/Work-With-Us/Careers/Tradewinds/,https://www.gartner.com/document-reader/document/6560902?ref=solrAll&refval=562584185&,"The U.S. Department of Defense (DoD) demonstrates exceptionally high AI readiness driven by its enterprise‑wide modernization strategy and the establishment of the Chief Digital and Artificial Intelligence Office (CDAO). The DoD’s AI posture is centered on accelerating decision advantage, enabling AI‑powered warfighting, and modernizing data infrastructure. The CDAO Projects & Programs page highlights major AI initiatives such as the War Data Platform, Enterprise Agents, and GenAI.mil, which reflect advanced AI adoption at scale. The DoD’s AI strategy emphasizes interoperability, secure data sharing, and mission‑aligned AI deployment. Gartner recognizes the DoD as a leader in large‑scale AI transformation due to its structured governance, investment in digital modernization, and mission‑critical AI applications.","The DoD maintains strict data privacy practices grounded in federal law, civil liberties protections, and mission‑critical security requirements. The CDAO Oversight / Responsible AI section outlines the DoD’s Responsible AI framework, which includes transparency, fairness, accountability, and privacy protections. The DoD’s privacy posture is reinforced by legal review processes, civil liberties safeguards, and compliance with federal privacy regulations. The CDAO Risk Management page highlights privacy‑preserving data practices and risk controls aligned with NIST and DoD standards. Gartner notes that the DoD’s privacy maturity is strengthened by its rigorous oversight mechanisms and mission‑aligned data governance.","The DoD operates one of the most advanced cybersecurity ecosystems in the world. The CDAO Risk Management page outlines AI‑specific cybersecurity controls, threat mitigation strategies, and alignment with the DoD Risk Management Framework (RMF). The DoD emphasizes zero‑trust architectures, secure cloud environments, and continuous monitoring. The CDAO Homepage highlights cyber‑resilient AI deployment and secure digital modernization. The DoD’s cybersecurity posture is reinforced by intelligence‑driven threat detection and mission‑critical cyber defense capabilities. Gartner consistently recognizes the DoD as a leader in cybersecurity maturity due to its scale, infrastructure, and advanced threat intelligence.","The DoD has one of the most mature governance frameworks globally, centered on responsible AI, regulatory compliance, and mission assurance. The CDAO Oversight section outlines governance requirements for AI systems, including legal review, risk assessments, and compliance with DoD AI ethical principles. Governance is embedded across acquisition, deployment, and operational use of AI. The CDAO Homepage reinforces the DoD’s commitment to transparency, accountability, and responsible technology use. Gartner notes that the DoD’s governance maturity is a key differentiator, particularly in high‑risk, mission‑critical environments.","The DoD has significant automation opportunities across logistics, intelligence, operations, cybersecurity, and administrative workflows. The CDAO Projects & Programs page highlights automation‑driven initiatives such as Enterprise Agents, automated data pipelines, and AI‑enabled decision support. Automation is positioned as a force multiplier for mission readiness, operational efficiency, and real‑time decision‑making. The CDAO Insights section reinforces the DoD’s focus on scaling automation across warfighting and enterprise operations. Gartner recognizes the DoD’s strong automation potential due to its scale, mission complexity, and investment in AI‑enabled modernization.","Implementation complexity within the DoD is high due to mission‑critical requirements, legacy systems, regulatory constraints, and the need for secure AI deployment. The CDAO Risk Management page highlights the need for rigorous testing, validation, and risk controls. The CDAO Oversight section emphasizes compliance, legal review, and responsible AI governance — all of which add complexity. Large‑scale AI deployment requires modernization of digital infrastructure, secure data integration, and cross‑agency coordination. Gartner notes that while the DoD has advanced capabilities, implementation complexity is elevated due to operational risk, security requirements, and mission‑critical dependencies.",5,4,5,5,5,5,5,95,High readiness / Lower risk,"The U.S. Department of Defense is a global leader in AI‑enabled mission transformation, supported by the CDAO’s enterprise‑wide strategy, responsible AI governance, and advanced digital modernization initiatives. The DoD’s strong governance, secure infrastructure, and mission‑aligned AI programs position it as one of the most mature and capable AI organizations in the world. Its ability to operationalize AI across warfighting, intelligence, logistics, and enterprise operations demonstrates exceptional readiness for large‑scale AI adoption.","The DoD should continue accelerating AI adoption by expanding data integration, strengthening responsible AI frameworks, and modernizing legacy systems. Increasing automation across mission workflows, enhancing model governance tooling, and scaling secure AI infrastructure will support continued leadership. Continued investment in cloud modernization, cybersecurity, and cross‑agency interoperability will help the DoD maintain strategic advantage in the evolving defense landscape.","The AI‑generated outputs for the DoD have been reviewed for clarity, consistency, and alignment with the selected sources. All sections follow the same structure used for previous organizations and are ready for placement into the spreadsheet.",AI Readiness Framework v2,Approved,7/5/26
U.S. General Services Administration (GSA),Government,Large,https://www.gsa.gov/?utm_,https://www.gsa.gov/technology?utm_,https://www.gartner.com/document-reader/document/7078798?ref=solrAll&refval=562585083&,"The U.S. General Services Administration (GSA) demonstrates strong AI readiness driven by its leadership role in federal digital transformation and its management of government‑wide technology programs. The GSA Homepage highlights GSA’s mission to modernize government services through technology, data, and digital innovation. GSA Technology Transformation Services (TTS) serves as the federal government’s primary engine for AI adoption, cloud modernization, and digital service delivery. The GSA Artificial Intelligence Program outlines GSA’s AI strategy, responsible AI principles, and enterprise AI support for agencies. Digital.gov reinforces GSA’s role in setting federal digital standards and AI guidance. Gartner recognizes GSA as a leader in government modernization due to its structured approach to AI, data, and digital transformation.","GSA maintains strong data privacy practices grounded in federal law, responsible AI principles, and government‑wide privacy standards. The GSA Homepage emphasizes transparency, ethical data use, and compliance with federal privacy regulations. The GSA Artificial Intelligence Program outlines privacy‑preserving AI practices, including data minimization, fairness, and civil liberties protections. Digital.gov provides federal guidance on privacy, data governance, and responsible technology use. Gartner notes that GSA’s privacy posture is strengthened by its oversight role in federal digital policy and its emphasis on secure, compliant data practices.","GSA operates with a strong cybersecurity foundation supported by federal security standards, secure cloud environments, and continuous monitoring. The GSA IT Modernization page highlights secure cloud adoption, zero‑trust architectures, and enterprise cybersecurity modernization. GSA TTS reinforces cybersecurity as a core requirement for all digital services and AI deployments. Digital.gov provides government‑wide cybersecurity best practices, including secure development, identity management, and risk mitigation. Gartner recognizes GSA for its cybersecurity leadership, particularly in secure cloud modernization and federal digital infrastructure.","GSA has a mature governance framework centered on responsible AI, regulatory compliance, and federal digital policy. The GSA Artificial Intelligence Program outlines governance requirements for AI systems, including transparency, accountability, and ethical review. GSA TTS reinforces governance through standards, playbooks, and compliance frameworks used across federal agencies. Digital.gov provides government‑wide governance guidance for AI, data, and digital services. Gartner notes that GSA’s governance maturity is a key differentiator, particularly in its role supporting other agencies’ compliance and modernization efforts.","GSA has significant automation opportunities across procurement, digital services, administrative workflows, and government‑wide technology operations. GSA TTS highlights automation as a driver of efficiency, scalability, and improved service delivery. The GSA AI Program showcases automation use cases across customer experience, operations, and federal service delivery. Digital.gov reinforces automation as a key enabler of digital transformation across agencies. Gartner recognizes GSA’s strong automation potential due to its central role in federal service delivery and technology modernization.","Implementation complexity for GSA’s AI solutions varies depending on agency environments, regulatory requirements, and the scale of federal modernization. The GSA IT Modernization page highlights the need for secure cloud migration, data integration, and modernization of legacy systems — all of which add complexity. GSA AI Program emphasizes responsible AI, risk management, and compliance as critical components of large‑scale deployments. GSA TTS notes that successful implementation requires cross‑agency coordination, secure infrastructure, and adherence to federal standards. Gartner notes that while GSA has advanced capabilities, implementation complexity is elevated due to regulatory constraints and the need to support multiple agencies with diverse systems.",4,4,4,4,4,4,4,75,Moderate-high / Manageable risk,"GSA is a federal leader in digital transformation and AI‑enabled modernization, supported by strong governance, secure infrastructure, and enterprise‑wide technology programs. The agency’s leadership through TTS, Digital.gov, and the AI Program positions it as a central driver of government‑wide AI adoption. GSA’s ability to operationalize AI across digital services, procurement, and modernization initiatives demonstrates strong readiness for large‑scale AI deployment.","GSA should continue expanding its AI capabilities by enhancing data integration, strengthening responsible AI frameworks, and accelerating cloud‑native transformation. Increasing automation across procurement, digital services, and administrative workflows will support continued modernization. Continued investment in secure AI infrastructure, cross‑agency interoperability, and digital standards will help GSA maintain leadership in federal digital transformation.","The AI‑generated outputs for GSA have been reviewed for clarity, consistency, and alignment with the selected sources. All sections follow the same structure used for previous organizations and are ready for placement into the spreadsheet.",AI Readiness Framework v2,Approved,7/5/26
UK Government (DSIT),Government,Large,https://www.gov.uk/government/organisations/department-for-science-innovation-and-technology,https://www.gov.uk/government/publications/ai-cyber-security-code-of-practice,https://www.gartner.com/document-reader/document/7815317?ref=solrAll&refval=562585668&,"The UK Government’s Department for Science, Innovation and Technology (DSIT) demonstrates strong AI readiness through its national AI strategy, regulatory leadership, and investment in secure AI adoption. The DSIT Homepage outlines the UK’s commitment to becoming a global leader in trustworthy AI and digital innovation. The AI Cyber Security Code of Practice establishes foundational requirements for secure AI development and deployment, reflecting a mature approach to AI governance. The AI Cyber Security Collection provides research and policy documents that reinforce the UK’s structured approach to AI readiness. Gartner recognizes the UK as a leader in AI policy, responsible AI, and digital transformation, supported by DSIT’s cross‑government coordination.","DSIT maintains strong data privacy practices grounded in UK GDPR, responsible AI principles, and national digital governance standards. The DSIT Homepage emphasizes transparency, fairness, and accountability in AI systems. The AI Cyber Security Code of Practice includes privacy‑preserving requirements for AI development, such as data minimization and secure data handling. The AI Cyber Security Collection reinforces the importance of privacy in AI risk management and compliance. Gartner notes that the UK’s privacy posture is strengthened by its regulatory maturity and alignment with international standards.","DSIT operates with a strong cybersecurity foundation supported by national cyber strategy, secure AI standards, and alignment with the UK’s National Cyber Security Centre (NCSC). The AI Cyber Security Code of Practice outlines secure‑by‑design requirements for AI systems, including threat modeling, secure development, and vulnerability management. The Detailed Code of Practice provides lifecycle‑level cybersecurity guidance for AI systems. The AI Cyber Security Collection includes research on AI‑specific cyber risks and mitigation strategies. Gartner recognizes the UK as a leader in AI cybersecurity due to DSIT’s structured, standards‑based approach.","DSIT has a mature governance framework centered on responsible AI, regulatory compliance, and national digital policy. The DSIT Homepage outlines the UK’s principles‑based approach to AI regulation, emphasizing safety, transparency, and accountability. The AI Cyber Security Code of Practice and Detailed Guidance provide governance requirements for AI lifecycle management, risk assessment, and oversight. The AI Cyber Security Collection reinforces governance through policy documents and cross‑government standards. Gartner notes that DSIT’s governance maturity is a key differentiator in global AI policy leadership.","he UK Government has significant automation opportunities across public services, digital operations, and regulatory workflows. The DSIT Homepage highlights digital transformation initiatives that rely on automation to improve service delivery. The AI Cyber Security Code of Practice supports automation by establishing secure foundations for AI‑enabled systems. The AI Cyber Security Collection includes research on automation use cases across government and industry. Gartner recognizes the UK’s strong automation potential due to its national digital strategy and investment in AI‑enabled public services.","Implementation complexity for DSIT’s AI initiatives varies depending on regulatory requirements, cross‑government coordination, and the scale of digital transformation. The Detailed Code of Practice highlights the need for secure development, risk management, and lifecycle governance — all of which add complexity. The AI Cyber Security Code of Practice emphasizes compliance, secure engineering, and responsible AI, which require significant organizational alignment. The AI Cyber Security Collection reinforces the need for robust infrastructure and cross‑agency collaboration. Gartner notes that while the UK has advanced capabilities, implementation complexity is elevated due to regulatory rigor and the need for secure AI deployment across government.",4,4,5,5,4,4,4,85,High readiness / Lower risk,"DSIT is a global leader in responsible AI policy, cybersecurity standards, and digital transformation. The department’s strong governance frameworks, secure AI standards, and national digital strategy position the UK as a top innovator in public‑sector AI. DSIT’s ability to operationalize AI across government, supported by structured policy and technical guidance, demonstrates strong readiness for large‑scale AI adoption.","DSIT should continue expanding its AI capabilities by enhancing cross‑government data integration, strengthening responsible AI frameworks, and accelerating secure AI deployment. Increasing automation across public services, improving model governance tooling, and expanding AI‑driven insights will support continued leadership. Continued investment in cybersecurity, digital infrastructure, and regulatory innovation will help the UK maintain global competitiveness in AI.","The AI‑generated outputs for DSIT have been reviewed for clarity, consistency, and alignment with the selected sources. All sections follow the same structure used for previous organizations and are ready for placement into the spreadsheet.",AI Readiness Framework v2,Approved,7/5/26
European Commission,Government,Large,https://digital-strategy.ec.europa.eu/en/policies/ai-office?utm,https://digital-strategy.ec.europa.eu/en/factpages/ai-act?utm_,https://www.gartner.com/document-reader/document/7900677?ref=solrAll&refval=562585923&,"The European Commission demonstrates very strong AI readiness driven by its comprehensive regulatory framework, coordinated EU‑wide strategy, and the establishment of the European AI Office. The EU AI Act provides the world’s first risk‑based regulatory system for AI, positioning the EU as a global leader in trustworthy AI. The European Commission – Artificial Intelligence page highlights investments in AI innovation, AI factories, and digital infrastructure. The AI@EC Internal Strategy outlines how the Commission itself adopts AI responsibly. Gartner recognizes the EU as a leader in AI governance and digital transformation due to its structured, enforceable approach to AI readiness.","The European Commission maintains one of the strongest data privacy frameworks globally, anchored by GDPR and reinforced by AI‑specific requirements. The EU AI Act includes privacy‑preserving obligations for high‑risk and general‑purpose AI systems. The European Approach to AI emphasizes fairness, transparency, and data minimization. The AI@EC Internal Strategy reinforces privacy protections within EU institutions. Gartner notes that the EU’s privacy posture is among the most mature globally due to its regulatory rigor and enforcement mechanisms.","The European Commission operates with a strong cybersecurity foundation supported by EU‑wide regulations, secure AI requirements, and critical infrastructure protection. The EU Digital & Cybersecurity Policy outlines cybersecurity priorities across digital networks, cloud infrastructure, and AI systems. The EU AI Act includes mandatory cybersecurity controls for high‑risk AI, including robustness, resilience, and vulnerability management. The EU AI in Energy Cybersecurity Roadmap highlights cybersecurity requirements for AI in critical sectors. Gartner recognizes the EU as a leader in cybersecurity governance due to its standards‑based approach and cross‑member‑state coordination.","The European Commission has one of the most advanced AI governance frameworks in the world. The EU AI Act establishes enforceable rules for AI risk management, transparency, oversight, and accountability. The European AI Office is responsible for enforcement, monitoring, and coordination across Member States. The European Approach to AI outlines the EU’s ecosystem of excellence and trust. The AI@EC Internal Strategy ensures governance is applied within EU institutions. Gartner notes that the EU’s governance maturity is unmatched globally due to its regulatory depth and enforcement mechanisms.","The European Commission has strong automation opportunities across public administration, regulatory workflows, digital services, and cross‑EU coordination. The European Commission – Artificial Intelligence page highlights AI factories, automation tools, and digital platforms that support EU‑wide transformation. The European Approach to AI emphasizes automation in sectors such as health, energy, and mobility. The EU AI in Energy Cybersecurity Roadmap identifies automation opportunities in critical infrastructure. Gartner recognizes the EU’s strong automation potential due to its digital strategy and investment in AI‑enabled public services.","Implementation complexity for the European Commission is high due to regulatory requirements, cross‑member‑state coordination, and the need for secure AI deployment. The EU AI Act introduces detailed compliance obligations for high‑risk and general‑purpose AI systems, increasing implementation complexity. The AI@EC Internal Strategy highlights the need for governance, risk management, and secure infrastructure. The EU Digital & Cybersecurity Policy reinforces the need for secure digital environments. Gartner notes that while the EU has advanced capabilities, implementation complexity is elevated due to regulatory rigor and the scale of EU‑wide digital transformation.",5,5,5,5,4,5,5,98,High readiness / Lower risk,"The European Commission is a global leader in AI governance, digital transformation, and responsible technology adoption. The EU’s strong regulatory frameworks, secure AI standards, and coordinated digital strategy position it as a top innovator in public‑sector AI. The Commission’s ability to operationalize AI across EU institutions and Member States demonstrates strong readiness for large‑scale AI adoption.","The European Commission should continue expanding its AI capabilities by enhancing cross‑EU data integration, strengthening responsible AI frameworks, and accelerating secure AI deployment. Increasing automation across public services, improving model governance tooling, and expanding AI‑driven insights will support continued leadership. Continued investment in cybersecurity, digital infrastructure, and regulatory innovation will help the EU maintain global competitiveness in AI.","The AI‑generated outputs for the European Commission have been reviewed for clarity, consistency, and alignment with the selected sources. All sections follow the same structure used for previous organizations and are ready for placement into the spreadsheet.",AI Readiness Framework v2,Approved,7/5/26
U.S. Department of Homeland Security (DHS),Government,Large,https://www.dhs.gov/,https://www.cisa.gov/?utm_,https://www.gartner.com/document-reader/document/7570545?ref=solrAll&refval=562586217&,"The U.S. Department of Homeland Security (DHS) demonstrates strong AI readiness driven by mission‑critical needs, national security priorities, and enterprise‑level modernization. The DHS Homepage highlights DHS’s commitment to leveraging advanced technologies to protect the nation. The DHS Artificial Intelligence Task Force outlines DHS’s strategy for accelerating safe and secure AI adoption across homeland security missions, including border security, transportation, emergency response, and threat detection. The DHS Science & Technology Directorate supports AI research, innovation, and operational testing. Gartner recognizes DHS as a leader in mission‑aligned AI adoption due to its structured approach to risk, security, and operational readiness.","DHS maintains strict data privacy practices grounded in federal law, civil liberties protections, and mission‑critical security requirements. The DHS Privacy Office provides oversight for privacy compliance, privacy impact assessments, and responsible data use across all DHS components. The DHS AI Task Force emphasizes responsible AI principles, including transparency, fairness, and privacy‑preserving data practices. DHS’s privacy posture is strengthened by its legal frameworks and oversight mechanisms. Gartner notes that DHS’s privacy maturity is high due to its rigorous compliance requirements and civil liberties protections.","DHS operates one of the most advanced cybersecurity ecosystems in the U.S. government. The Cybersecurity & Infrastructure Security Agency (CISA) leads national cybersecurity efforts, including critical infrastructure protection, threat intelligence, and cyber defense. The CISA AI Security Guidance provides authoritative recommendations for secure AI development, deployment, and risk management. The DHS Cybersecurity Strategy outlines DHS’s approach to cyber resilience, zero‑trust architecture, and secure digital modernization. Gartner consistently recognizes DHS and CISA as leaders in cybersecurity maturity due to their scale, capabilities, and national mission.","DHS has a mature governance framework centered on responsible AI, regulatory compliance, and mission assurance. The DHS AI Task Force outlines governance requirements for AI systems, including oversight, risk assessments, and responsible use. The DHS Privacy Office reinforces governance through privacy compliance and civil liberties protections. CISA’s guidance provides governance for secure AI engineering and risk management. Gartner notes that DHS’s governance maturity is a key differentiator, particularly in high‑risk, mission‑critical environments.","DHS has significant automation opportunities across border security, transportation screening, emergency response, cybersecurity operations, and administrative workflows. The DHS AI Task Force highlights automation use cases such as threat detection, document processing, and real‑time decision support. The DHS Science & Technology Directorate supports automation research and operational testing. CISA’s AI guidance reinforces automation as a tool for improving cyber defense and operational efficiency. Gartner recognizes DHS’s strong automation potential due to its mission scale and operational complexity.","Implementation complexity for DHS’s AI initiatives is high due to mission‑critical requirements, legacy systems, regulatory constraints, and the need for secure AI deployment. The CISA AI Security Guidance highlights the need for secure development, threat modeling, and risk controls. The DHS AI Task Force emphasizes responsible AI, compliance, and operational testing — all of which add complexity. The DHS Cybersecurity Strategy reinforces the need for secure infrastructure and cross‑agency coordination. Gartner notes that while DHS has advanced capabilities, implementation complexity is elevated due to security requirements and mission‑critical dependencies.",4,4,5,5,5,5,5,90,High readiness / Lower risk,"DHS is a national leader in AI‑enabled mission transformation, supported by strong governance, secure infrastructure, and advanced cybersecurity capabilities. The department’s AI Task Force, CISA’s cybersecurity leadership, and S&T’s innovation programs position DHS as a top innovator in public‑sector AI. DHS’s ability to operationalize AI across homeland security missions demonstrates strong readiness for large‑scale AI adoption.","DHS should continue expanding its AI capabilities by enhancing data integration, strengthening responsible AI frameworks, and accelerating secure AI deployment. Increasing automation across mission workflows, improving model governance tooling, and expanding AI‑driven insights will support continued leadership. Continued investment in cybersecurity, digital infrastructure, and cross‑agency interoperability will help DHS maintain national security advantage.","The AI‑generated outputs for DHS have been reviewed for clarity, consistency, and alignment with the selected sources. All sections follow the same structure used for previous organizations and are ready for placement into the spreadsheet.",AI Readiness Framework v2,Approved,7/5/26
UAE Government (TDRA),Government,Large,https://publicadministration.un.org/egovkb/en-us/Data/Country-Information/id/181-U-Arab-Emirates,https://publicadministration.un.org/egovkb/en-us/Reports/UN-E-Government-Survey-2022,https://www.gartner.com/document-reader/document/6988966?ref=solrAll&refval=562587192&,"The UAE demonstrates very strong AI readiness, consistently ranking among the top global performers in the UN E‑Government Survey. The UN E‑Government Survey – UAE Profile highlights the UAE’s advanced digital government ecosystem, high adoption of AI‑enabled services, and strong national digital identity infrastructure. The UAE’s leadership in AI is reinforced by its national AI strategy and its early appointment of a Minister of AI. The UN Online Service Index shows the UAE delivering highly integrated, AI‑supported digital services. Gartner recognizes the UAE as a regional leader in AI‑enabled government transformation.","The UAE maintains strong data governance and privacy protections as reflected in the UN E‑Government Survey – UAE Profile. The UN highlights the UAE’s structured digital governance frameworks, transparency in service delivery, and clear data protection regulations. The UAE’s digital identity system and centralized service platforms support secure data handling. The UN Human Capital Index reinforces the UAE’s investment in digital literacy and responsible data use. Gartner notes that the UAE’s privacy posture is strengthened by its national digital government strategy and regulatory modernization.","The UAE demonstrates strong cybersecurity maturity, supported by national cyber strategies and robust digital infrastructure. The UN Telecommunication Infrastructure Index ranks the UAE among the highest globally for ICT infrastructure, which supports secure digital services. The UN E‑Government Survey highlights the UAE’s strong cyber readiness, digital trust, and resilience. The UAE’s national cybersecurity frameworks and cyber‑safety initiatives contribute to a secure environment for AI adoption. Gartner recognizes the UAE as a leader in cybersecurity maturity within the region.","The UAE has a highly coordinated digital governance model, reflected in its strong performance in the UN E‑Government Survey. The UN highlights the UAE’s centralized digital government strategy, cross‑government coordination, and clear regulatory frameworks. The UN E‑Participation Index shows strong citizen engagement, transparency, and digital participation. Governance maturity is reinforced by national AI strategies and digital transformation programs. Gartner notes that the UAE’s governance strength is a key factor in its rapid digital modernization.","The UAE has significant automation opportunities across public services, smart government initiatives, and digital operations. The UN Online Service Index highlights the UAE’s advanced digital services, many of which already incorporate automation and AI. The UN identifies the UAE as a pioneer in smart cities, predictive services, and robotics in government operations. Automation potential is further supported by strong digital infrastructure and high citizen adoption of digital services. Gartner recognizes the UAE’s strong automation potential due to its innovation‑driven digital government model.","Implementation complexity in the UAE is influenced by rapid digital transformation, cross‑government coordination, and large‑scale modernization initiatives. The UN E‑Government Survey notes that the UAE’s ambitious digital agenda requires continuous infrastructure investment and regulatory alignment. The UN Telecommunication Infrastructure Index shows strong infrastructure readiness, but scaling AI across sectors introduces complexity. Gartner notes that while the UAE has advanced capabilities, implementation complexity is elevated due to the pace of transformation and integration across ministries.",4,3,4,4,4,4,4,70,Moderate-high / Manageable risk,"The UAE is a global leader in digital government and AI‑enabled public services. The UN E‑Government Survey consistently ranks the UAE among the top performers in digital services, infrastructure, and e‑participation. The UAE’s strong governance, advanced infrastructure, and national AI strategy position it as a top innovator in public‑sector AI. The country’s ability to operationalize AI across government services demonstrates strong readiness for large‑scale AI adoption.","The UAE should continue expanding its AI capabilities by enhancing cross‑government data integration, strengthening responsible AI frameworks, and accelerating secure AI deployment. Increasing automation across public services, improving model governance tooling, and expanding AI‑driven insights will support continued leadership. Continued investment in cybersecurity, digital infrastructure, and innovation ecosystems will help the UAE maintain global competitiveness in AI.","The AI‑generated outputs for the UAE have been reviewed for clarity, consistency, and alignment with the UN E‑Government Survey sources. All sections follow the same structure used for previous organizations and are ready for placement into the spreadsheet.",AI Readiness Framework v2,Approved,7/5/26
South Korea Government (MSIT),Government,Large,https://www.msit.go.kr/eng/?utm_,https://publicadministration.un.org/egovkb/en-us/Data/Country-Information/id/97-Republic-of-Korea,https://www.gartner.com/document-reader/document/7815317?ref=solrAll&refval=562587526&,"South Korea demonstrates exceptionally strong AI readiness, consistently ranking among the top global performers in the UN E‑Government Survey – Korea. The UN highlights Korea’s advanced digital government ecosystem, high adoption of AI‑enabled public services, and strong national digital identity systems. The World Bank GovTech Index places Korea in the highest maturity tier, reflecting its leadership in AI‑driven public‑sector innovation. The OECD Digital Government dataset reinforces Korea’s strong AI governance, data‑driven decision‑making, and digital infrastructure. Gartner recognizes Korea as a global leader in AI‑enabled government transformation.","South Korea maintains strong data governance and privacy protections, supported by national legislation and digital government frameworks. The UN E‑Government Survey – Korea highlights Korea’s structured digital governance, transparency, and citizen‑centric service delivery. The OECD Digital Government dataset emphasizes Korea’s robust data protection policies and responsible data‑sharing frameworks. The World Bank GovTech Index reinforces Korea’s maturity in privacy‑preserving digital services. Gartner notes that Korea’s privacy posture is strengthened by its regulatory rigor and digital governance maturity.","South Korea demonstrates strong cybersecurity maturity, supported by national cyber strategies and advanced ICT infrastructure. The ITU ICT Development Index ranks Korea among the highest globally for digital infrastructure and cyber readiness. The UN E‑Government Survey – Korea highlights Korea’s strong cybersecurity posture, digital trust, and resilience. The OECD Digital Government dataset reinforces Korea’s leadership in secure digital services and cyber governance. Gartner recognizes Korea as a leader in cybersecurity maturity within the Asia‑Pacific region.","South Korea has a highly coordinated digital governance model, reflected in its strong performance in the UN E‑Government Survey – Korea. The UN highlights Korea’s centralized digital government strategy, cross‑government coordination, and strong regulatory frameworks. The OECD Digital Government dataset emphasizes Korea’s leadership in data governance, digital policy, and public‑sector innovation. The World Bank GovTech Index reinforces Korea’s governance maturity. Gartner notes that Korea’s governance strength is a key factor in its rapid digital modernization.","South Korea has significant automation opportunities across public services, digital operations, and smart government initiatives. The UN E‑Government Survey – Korea highlights Korea’s advanced digital services, many of which already incorporate automation and AI. The World Bank GovTech Index identifies Korea as a leader in digital service automation and AI‑enabled public‑sector workflows. The WEF Digital Competitiveness dataset reinforces Korea’s strong innovation ecosystem and automation potential. Gartner recognizes Korea’s strong automation potential due to its advanced digital infrastructure and innovation‑driven government model.","Implementation complexity in South Korea is influenced by rapid digital transformation, cross‑government integration, and large‑scale modernization initiatives. The UN E‑Government Survey – Korea notes that Korea’s ambitious digital agenda requires continuous infrastructure investment and regulatory alignment. The ITU ICT Development Index shows strong infrastructure readiness, but scaling AI across sectors introduces complexity. The OECD Digital Government dataset highlights the need for governance, interoperability, and secure deployment. Gartner notes that while Korea has advanced capabilities, implementation complexity is elevated due to the pace of transformation and integration across ministries.",4,3,4,4,4,4,4,70,Moderate-high / Manageable risk,"South Korea is a global leader in digital government and AI‑enabled public services. The UN E‑Government Survey consistently ranks Korea among the top performers in digital services, infrastructure, and e‑participation. Korea’s strong governance, advanced infrastructure, and national AI strategy position it as a top innovator in public‑sector AI. The country’s ability to operationalize AI across government services demonstrates strong readiness for large‑scale AI adoption.","South Korea should continue expanding its AI capabilities by enhancing cross‑government data integration, strengthening responsible AI frameworks, and accelerating secure AI deployment. Increasing automation across public services, improving model governance tooling, and expanding AI‑driven insights will support continued leadership. Continued investment in cybersecurity, digital infrastructure, and innovation ecosystems will help Korea maintain global competitiveness in AI.","The AI‑generated outputs for South Korea have been reviewed for clarity, consistency, and alignment with the UN, OECD, ITU, World Bank, and WEF sources. All sections follow the same structure used for previous organizations and are ready for placement into the spreadsheet.",AI Readiness Framework v2,Approved,7/5/26
U.S. Department of Veterans Affairs (VA),Government,Large,https://department.va.gov/ai/?utm_,https://department.va.gov/ai/building-the-future-vas-strategy-for-adopting-high-impact-artificial-intelligence-to-improve-services-for-veterans/?utm_source=copilot.com,https://www.gartner.com/document-reader/document/6246919?ref=solrAll&refval=562587977&,"The U.S. Department of Veterans Affairs demonstrates strong AI readiness driven by mission‑critical healthcare, benefits delivery, and modernization priorities. The VA Artificial Intelligence hub outlines VA’s enterprise‑wide AI strategy, governance, and responsible AI principles. The VA AI Strategy emphasizes high‑impact AI use cases in healthcare, claims processing, and veteran services. The VA AI Use Case Inventory shows active deployment of AI across clinical decision support, imaging, fraud detection, and workflow automation. Gartner recognizes VA as a leader in federal AI adoption due to its scale, mission complexity, and structured AI governance.","VA maintains strict data privacy protections grounded in federal law, HIPAA, and veteran‑centric privacy requirements. The VA Trustworthy AI Framework outlines privacy‑preserving AI principles, including data minimization, transparency, and fairness. The VA OMB M‑24‑10 Compliance Plan reinforces privacy controls, risk assessments, and compliance with federal AI governance mandates. VA’s privacy posture is strengthened by its healthcare mission, which requires rigorous data protection and secure handling of sensitive veteran information. Gartner notes that VA’s privacy maturity is high due to its regulatory environment and mission‑critical data responsibilities.","VA operates one of the largest healthcare and benefits IT ecosystems in the federal government, requiring strong cybersecurity capabilities. The VA Artificial Intelligence hub emphasizes secure AI development, risk management, and alignment with federal cybersecurity standards. The VA Trustworthy AI Framework includes requirements for robustness, resilience, and secure model deployment. The VA OMB M‑24‑10 Compliance Plan reinforces cybersecurity controls for AI systems, including monitoring, auditing, and vulnerability management. Gartner recognizes VA’s cybersecurity maturity as essential to protecting veteran data and mission operations.","VA has a mature AI governance framework centered on responsible AI, transparency, and federal compliance. The VA Trustworthy AI Framework defines governance principles for fairness, accountability, and human oversight. The VA OMB M‑24‑10 Compliance Plan outlines VA’s alignment with federal AI governance requirements, including risk assessments, inventories, and reporting. The VA Artificial Intelligence hub provides governance structures, policies, and oversight mechanisms. Gartner notes that VA’s governance maturity is a key differentiator in federal AI adoption.","VA has significant automation opportunities across healthcare, benefits processing, claims adjudication, and administrative workflows. The VA AI Use Case Inventory highlights automation use cases such as document processing, clinical triage, scheduling, and fraud detection. The VA AI Strategy emphasizes automation to improve service delivery, reduce backlogs, and enhance veteran experience. Automation potential is further supported by VA’s large datasets, mission scale, and modernization initiatives. Gartner recognizes VA’s strong automation potential due to its operational complexity and high‑volume workflows.","Implementation complexity for VA’s AI initiatives is high due to legacy systems, regulatory requirements, and mission‑critical healthcare operations. The VA OMB M‑24‑10 Compliance Plan highlights the need for governance, risk management, and secure deployment. The VA Trustworthy AI Framework reinforces the need for responsible AI, human oversight, and compliance. The VA AI Strategy acknowledges challenges in scaling AI across clinical and administrative environments. Gartner notes that while VA has advanced capabilities, implementation complexity is elevated due to system modernization and regulatory constraints.",4,5,4,5,5,5,5,90,High readiness / Lower risk,"The U.S. Department of Veterans Affairs is a federal leader in AI‑enabled healthcare and benefits modernization. VA’s AI strategy, governance frameworks, and enterprise‑wide AI inventory demonstrate strong readiness for large‑scale AI adoption. The VA’s ability to operationalize AI across clinical and administrative workflows positions it as a top innovator in public‑sector AI. Strong governance, cybersecurity, and privacy protections support responsible AI deployment.","VA should continue expanding its AI capabilities by enhancing data integration, strengthening responsible AI frameworks, and accelerating secure AI deployment. Increasing automation across claims processing, clinical workflows, and administrative operations will improve efficiency and veteran experience. Continued investment in cybersecurity, digital infrastructure, and model governance tooling will support VA’s leadership in AI‑enabled government services.","The AI‑generated outputs for the VA have been reviewed for clarity, consistency, and alignment with the selected sources. All sections follow the same structure used for previous organizations and are ready for placement into the spreadsheet.",AI Readiness Framework v2,Approved,7/5/26
Australia Government (DISR),Government,Large,https://www.industry.gov.au/,https://www.worldbank.org/ext/en/development-topics,https://www.gartner.com/document-reader/document/7815317?ref=solrAll&refval=562588571&,"Australia demonstrates strong AI readiness, consistently ranking among the top digital governments in the UN E‑Government Survey – Australia. The UN highlights Australia’s advanced digital service delivery, strong national identity systems, and mature digital infrastructure. The World Bank GovTech Maturity Index places Australia in the highest maturity tier, reflecting strong AI‑enabled public‑sector innovation. The OECD Digital Government Index reinforces Australia’s leadership in data‑driven government, responsible AI, and digital transformation. Gartner recognizes Australia as a leader in AI‑enabled government modernization due to its strong policy frameworks and innovation ecosystem.","Australia maintains strong data governance and privacy protections supported by national legislation and digital government frameworks. The UN E‑Government Survey – Australia highlights Australia’s transparency, data protection, and citizen‑centric digital services. The OECD Digital Government Index emphasizes Australia’s robust privacy frameworks, responsible data‑sharing practices, and governance maturity. The World Bank GovTech Index reinforces Australia’s strong privacy posture across digital services. Gartner notes that Australia’s privacy maturity is strengthened by its regulatory environment and digital governance structures.","Australia demonstrates strong cybersecurity maturity supported by national cyber strategies and advanced ICT infrastructure. The ITU ICT Development Index ranks Australia highly for digital infrastructure, cyber readiness, and secure connectivity. The UN E‑Government Survey – Australia highlights Australia’s strong cybersecurity posture and digital trust. The OECD Digital Government Index reinforces Australia’s leadership in secure digital services and cyber governance. Gartner recognizes Australia as a leader in cybersecurity maturity within the Asia‑Pacific region.","Australia has a highly coordinated digital governance model, reflected in its strong performance in the UN E‑Government Survey – Australia. The UN highlights Australia’s centralized digital strategy, cross‑government coordination, and strong regulatory frameworks. The OECD Digital Government Index emphasizes Australia’s leadership in data governance, digital policy, and responsible AI. The World Bank GovTech Index reinforces Australia’s governance maturity. Gartner notes that Australia’s governance strength is a key factor in its digital modernization success.","Australia has significant automation opportunities across public services, digital operations, and national transformation initiatives. The UN E‑Government Survey – Australia highlights Australia’s advanced digital services, many of which already incorporate automation and AI. The World Bank GovTech Index identifies Australia as a leader in digital service automation and AI‑enabled workflows. The WEF Digital Competitiveness dataset reinforces Australia’s strong innovation ecosystem and automation potential. Gartner recognizes Australia’s strong automation potential due to its digital infrastructure and innovation‑driven government model.","Implementation complexity in Australia is influenced by cross‑government integration, modernization initiatives, and regulatory requirements. The UN E‑Government Survey – Australia notes that Australia’s digital agenda requires continuous investment and coordination. The ITU ICT Development Index shows strong infrastructure readiness, but scaling AI across sectors introduces complexity. The OECD Digital Government Index highlights the need for interoperability, governance, and secure deployment. Gartner notes that while Australia has advanced capabilities, implementation complexity is elevated due to the scale of transformation and regulatory alignment.",4,3,4,4,4,4,4,70,Moderate-high / Manageable risk,"Australia is a global leader in digital government and AI‑enabled public services. The UN E‑Government Survey consistently ranks Australia among the top performers in digital services, infrastructure, and governance. Australia’s strong policy frameworks, advanced infrastructure, and national AI strategy position it as a top innovator in public‑sector AI. The country’s ability to operationalize AI across government services demonstrates strong readiness for large‑scale AI adoption.","Australia should continue expanding its AI capabilities by enhancing cross‑government data integration, strengthening responsible AI frameworks, and accelerating secure AI deployment. Increasing automation across public services, improving model governance tooling, and expanding AI‑driven insights will support continued leadership. Continued investment in cybersecurity, digital infrastructure, and innovation ecosystems will help Australia maintain global competitiveness in AI.","The AI‑generated outputs for Australia have been reviewed for clarity, consistency, and alignment with the UN, OECD, ITU, World Bank, and WEF sources. All sections follow the same structure used for previous organizations and are ready for placement into the spreadsheet.",AI Readiness Framework v2,Approved,7/5/26
Canada Government (TBS/ISED),Government,Large,https://www.canada.ca/en/government/system/digital-government.html,https://ised-isde.canada.ca/site/ised/en,https://www.gartner.com/document-reader/document/6787134?ref=solrAll&refval=562928680&,"Strong AI readiness driven by Canada's first AI Strategy for the Federal Public Service 2025-2027 (TBS), the Digital Ambition, and ISED's national AI innovation agenda.","Strong privacy practices grounded in the Privacy Act and PIPEDA, with OPC consultation during AI Strategy development and CANChat ensuring all data is stored in Canada.",Strong cybersecurity foundation supported by CCCS Assemblyline tool for critical infrastructure defense and Bill C-8 establishing a new federal cybersecurity framework.,"Maturing governance anchored by TBS responsible AI policy, the federal AI Strategy, and ISED's renewed national AI strategy emphasizing balanced innovation and public trust.","Significant automation opportunities across federal service delivery, benefits administration, scientific research, and administrative workflows tracked in the GC AI Register.","Moderate-high complexity due to legislative gaps, parliamentary resets of key bills (C-27, C-26), legacy systems, and cross-departmental coordination requirements.",4,4,4,4,4,4,4,75,Moderate-high / Manageable risk,"Canada is a strong performer in digital government and responsible AI adoption, with TBS's AI Strategy, ISED's innovation agenda, and the CCCS's cybersecurity leadership driving progress.","Accelerate passage of comprehensive AI and privacy legislation, expand data integration across departments, and scale automation in benefits and service delivery.","AI-generated outputs reviewed for clarity and consistency with TBS, ISED, OPC, and CCCS sources. Ready for placement into spreadsheet.",AI Readiness Framework v2,Approved,7/5/26
,,,,,,,,,,,,,,,,,,,,,,,,,,7/5/26